name,chain,city,source,external_id,address,lat,lng,google_maps_url,booking_url,id,created_at
AEON MALL TANJUNG BARAT XXI,XXI,Jakarta,21cineplex,JKTAETB,"AEON MALL Tanjung Barat Lantai 3 Jl. Tanjung Barat No. 163, Tanjung Barat – Jagakarsa Jakarta Selatan 12660 TELEPON : ( 021 ) 50915953",-6.30697,106.83993,,https://m.21cineplex.com/cinemas/JKTAETB?city_id=10,dd0008fc-117c-483d-b20d-ae60861f7d70,2026-05-17T06:20:12.098993
AGORA MALL XXI,XXI,Jakarta,21cineplex,JKTAGT9,"Agora Mall Lt. 3 Jl. M H Thamrin No. 10, Kebon Melati, Kec. Tanah Abang, Jakarta Pusat 10230 TELEPON : ( 021 ) 50115921",-6.198142,106.821152,,https://m.21cineplex.com/cinemas/JKTAGT9?city_id=10,5f318e51-4754-4aa5-bcfa-dbee7f589528,2026-05-17T06:20:12.099047
AGORA MALL PREMIERE,XXI,Jakarta,21cineplex,JKTPRAT,"Agora Mall Lt. 3 Jl. M H Thamrin No. 10, Kebon Melati, Kec. Tanah Abang, Jakarta Pusat 10230 TELEPON : ( 021 ) 50115921",-6.198142,106.821152,,https://m.21cineplex.com/cinemas/JKTPRAT?city_id=10,930352c6-d2b1-449e-9237-cb8997344492,2026-05-17T06:20:12.099062
AGORA MALL IMAX,XXI,Jakarta,21cineplex,JKTIXAT,"Agora Mall Lt. 3 Jl. M H Thamrin No. 10, Kebon Melati, Kec. Tanah Abang, Jakarta Pusat 10230 TELEPON : ( 021 ) 50115921",-6.198142,106.821152,,https://m.21cineplex.com/cinemas/JKTIXAT?city_id=10,01390362-8e3f-4389-999e-bc4f0110d033,2026-05-17T06:20:12.099076
ARION XXI,XXI,Jakarta,21cineplex,JKTARIO,"ARION PLAZA LT. 4 JL. PEMUDA KAV. 3-4, RAWAMANGUN TELEPON : (021) 475 7658",-6.193882,106.89045,,https://m.21cineplex.com/cinemas/JKTARIO?city_id=10,825c865e-b0d9-4e2e-b5a8-62989085e503,2026-05-17T06:20:12.099090
ARTHA GADING XXI,XXI,Jakarta,21cineplex,JKTARGA,"MAL ARTHA GADING, ATRIUM ITALY, LT.6 TELEPON : (021) 4586-4123",-6.14638,106.89139,,https://m.21cineplex.com/cinemas/JKTARGA?city_id=10,f54cba6d-12bb-4a6a-9311-0e0dde671251,2026-05-17T06:20:12.099104
BASSURA XXI,XXI,Jakarta,21cineplex,JKTBASS,BASSURA CITY LT.2 JL. BASUKI RAHMAT NO.1 JAKARTA TIMUR TELEPON: (021) - 22807229,-6.224053,106.877929,,https://m.21cineplex.com/cinemas/JKTBASS?city_id=10,666c2cc0-26b6-4ddc-bf13-3cb7b3eb7679,2026-05-17T06:20:12.099119
BAYWALK PLUIT XXI,XXI,Jakarta,21cineplex,JKTBAPL,MAL BAYWALK PLUIT Lt. 6 JL. PLUIT KARANG AYU BLOK B1 UTARA JAKARTA UTARA TELEPON : (021) 29629621,-6.107952,106.779028,,https://m.21cineplex.com/cinemas/JKTBAPL?city_id=10,54bb6e85-5774-40ed-a57a-56acdae07091,2026-05-17T06:20:12.099133
BAYWALK PLUIT PREMIERE,XXI,Jakarta,21cineplex,JKTPRBP,MAL BAYWALK PLUIT Lt. 6 JL. PLUIT KARANG AYU BLOK B1 UTARA JAKARTA UTARA TELEPON : (021) 29629621,-6.107952,106.779028,,https://m.21cineplex.com/cinemas/JKTPRBP?city_id=10,7e806f0c-ec07-48a7-8540-36a57613f033,2026-05-17T06:20:12.099144
BLOK M SQUARE,XXI,Jakarta,21cineplex,JKTBMSQ,"BLOK M SQUARE LT.5, JL. MELAWAI V, JAKARTA SELATAN TELEPON : (021) 7280 2021",-6.244494,106.800805,,https://m.21cineplex.com/cinemas/JKTBMSQ?city_id=10,7b3373e8-32b7-4b4e-839d-68ef8c48914f,2026-05-17T06:20:12.099157
BLOK M XXI,XXI,Jakarta,21cineplex,JKTBLOM,BLOK M PLAZA LT. 6 TELEPON : (021) 720 9437,-6.244192,106.797579,,https://m.21cineplex.com/cinemas/JKTBLOM?city_id=10,e588a89b-5c0f-459c-b270-29a25f0f0c65,2026-05-17T06:20:12.099170
CIJANTUNG XXI,XXI,Jakarta,21cineplex,JKTCIJA,GRAHA CIJANTUNG LT. 5 TELEPON : (021) 877 93 446,-6.312387,106.861911,,https://m.21cineplex.com/cinemas/JKTCIJA?city_id=10,f5546edb-31f3-4cd2-b3e5-57ab974133c4,2026-05-17T06:20:12.099191
CIPINANG XXI,XXI,Jakarta,21cineplex,JKTCIPI,MAL CIPINANG INDAH LT. 3 Jalan Raya Kalimalang No. 88 Jakarta Timur TELEPON : (021) 29486938,-6.238456,106.894177,,https://m.21cineplex.com/cinemas/JKTCIPI?city_id=10,3f03b6df-6722-4794-99a6-62353aa1fcbe,2026-05-17T06:20:12.099225
CIPLAZ CENGKARENG XXI,XXI,Jakarta,21cineplex,JKTCICE,"Ciplaz Cengkareng Lt. 3 Jl. Lkr Luar Barat, East Cengkareng, Cengkareng, West Jakarta City Jakarta, 11730 TELEPON: (021) 54336021",-6.152919,106.728601,,https://m.21cineplex.com/cinemas/JKTCICE?city_id=10,1a134ca6-6a35-44e7-a8bc-231006cfb21a,2026-05-17T06:20:12.099246
CIPLAZ KLENDER XXI,XXI,Jakarta,21cineplex,JKTCIKL,City Plaza Klender Lt.4 Jln. I Gusti Ngurah Rai Klender - Jakarta Timur TELEPON: (021) 86606331,-6.213843,106.89942,,https://m.21cineplex.com/cinemas/JKTCIKL?city_id=10,f62aeebc-8f26-422d-9b35-7bc8068bdff4,2026-05-17T06:20:12.099263
CITRA XPERIENCE XXI,XXI,Jakarta,21cineplex,JKTCIXP,"Citra Towers Kemayoran Lt. 2 Jln. Benyamin Suaeb Kav A6 Kemayoran, Jakarta Pusat 10630 TELEPON: (021) 39712221",-6.159698,106.852782,,https://m.21cineplex.com/cinemas/JKTCIXP?city_id=10,0938193b-61e4-4a91-a9a4-e946291fabb5,2026-05-17T06:20:12.099278
CITRA XXI,XXI,Jakarta,21cineplex,JKTCITR,MALL CIPUTRA Lantai 5 Jl. Arteri S. Parman - Grogol Jakarta Barat PHONE : (021) 560 0404,-6.168049,106.786487,,https://m.21cineplex.com/cinemas/JKTCITR?city_id=10,ac130282-a991-4ed1-9b2b-bbba22e34e01,2026-05-17T06:20:12.099292
CITY PLAZA JATINEGARA XXI,XXI,Jakarta,21cineplex,JKTCIPL,JALAN MATRAMAN RAYA NO. 173 - 175 LT. 5 JAKARTA TIMUR 13310 TELEPON: (021) 85909281,-6.214161,106.864623,,https://m.21cineplex.com/cinemas/JKTCIPL?city_id=10,d7cd2e80-9442-41d6-b270-e39df6bd049b,2026-05-17T06:20:12.099307
DAAN MOGOT XXI,XXI,Jakarta,21cineplex,JKTDAMG,MAL DAAN MOGOT TELEPON : (021) 544 6733,-6.150817,106.714368,,https://m.21cineplex.com/cinemas/JKTDAMG?city_id=10,ca6431d5-3e2d-48e6-b687-f612f7987614,2026-05-17T06:20:12.099341
DJAKARTA XXI,XXI,Jakarta,21cineplex,JKTDJAR,JL. MH. THAMRIN TELEPON : (021) 315 6725,-6.1867881166,106.8238393531363,,https://m.21cineplex.com/cinemas/JKTDJAR?city_id=10,1f27eb85-de23-4c68-8615-4184301e55de,2026-05-17T06:20:12.099373
EMPORIUM PLUIT XXI,XXI,Jakarta,21cineplex,JKTEMPL,"MAL EMPORIUM PLUIT UNIT 5-01, JL. PLUIT SELATAN RAYA TELEPON : (021) 6667 6421",-6.127582,106.790985,,https://m.21cineplex.com/cinemas/JKTEMPL?city_id=10,211a4928-91ee-45da-8733-d1673cf6ec16,2026-05-17T06:20:12.099390
EMPORIUM PLUIT PREMIERE,XXI,Jakarta,21cineplex,JKTPREP,"MAL EMPORIUM PLUIT UNIT 5-01, JL. PLUIT SELATAN RAYA TELEPON : (021) 6667 6561",-6.127582,106.790985,,https://m.21cineplex.com/cinemas/JKTPREP?city_id=10,519bbfa6-3ac2-4af5-9901-7d70e8b9530f,2026-05-17T06:20:12.099403
EPICENTRUM XXI,XXI,Jakarta,21cineplex,JKTEPIC,Epicentrum Walk Ground Floor Jl. H.R. Rasuna Said TELEPON : 021 2994 1300,-6.216624,106.834781,,https://m.21cineplex.com/cinemas/JKTEPIC?city_id=10,d70199e2-7bf2-4ffa-81c1-4efa745bf2f8,2026-05-17T06:20:12.099418
GANDARIA CITY XXI,XXI,Jakarta,21cineplex,JKTGAND,"Gandaria City Level 2, Jl Sultan Iskandar Muda, Kebayoran Lama Jakarta TELEPON: (021) 29053218",-6.2442,106.7836,,https://m.21cineplex.com/cinemas/JKTGAND?city_id=10,7c5d9972-24ee-4604-b07c-d0ea386a3dc2,2026-05-17T06:20:12.099431
GANDARIA CITY PREMIERE,XXI,Jakarta,21cineplex,JKTPRGN,"Gandaria City Level 2, Jl Sultan Iskandar Muda, Kebayoran Lama Jakarta TELEPON: (021) 29053218",-6.2442,106.7836,,https://m.21cineplex.com/cinemas/JKTPRGN?city_id=10,04b15811-baff-4267-903c-457277cf5b49,2026-05-17T06:20:12.099443
GANDARIA CITY IMAX,XXI,Jakarta,21cineplex,JKTIXGN,"GANDARIA XXI - Jakarta Gandaria City Level 2, Jl Sultan Iskandar Muda, Kebayoran Lama Telp:(021) 29053218 JAKARTA",-6.2442,106.7836,,https://m.21cineplex.com/cinemas/JKTIXGN?city_id=10,c34d0436-dbcd-4d5a-b95d-95f21b3d97fe,2026-05-17T06:20:12.099459
GRAND PARAGON XXI,XXI,Jakarta,21cineplex,JKTGRPA,Grand Paragon Mall Lt.3 Jln. Gajah Mada No. 126 Jakarta Barat TELEPON: (021) - 29073151,-6.151716,106.81612,,https://m.21cineplex.com/cinemas/JKTGRPA?city_id=10,7ea87744-7c2e-4031-841c-5af3938927d1,2026-05-17T06:20:12.099472
GREEN SEDAYU MALL XXI,XXI,Jakarta,21cineplex,JKTGRSE,"Green Sedayu Mall - Lantai 2 Jl. Lingkar Luar Barat, Komplek Taman Palem Lestari No. 10, Kec. Cengkareng, Jakarta Barat 11730 TELEPON: (021) - 40127021",-6.13912,106.72876,,https://m.21cineplex.com/cinemas/JKTGRSE?city_id=10,95a7096c-0ccd-4e29-8309-11c91f0b20f6,2026-05-17T06:20:12.099488
HOLLYWOOD XXI,XXI,Jakarta,21cineplex,JKTHOKC,JL. GATOT SUBROTO KAV. 19 Telp: (021) 2523664 JAKARTA,-6.226886,106.818593,,https://m.21cineplex.com/cinemas/JKTHOKC?city_id=10,51a14f5c-56a4-4b33-9952-a6500e9b5fe5,2026-05-17T06:20:12.099501
KALIBATA XXI,XXI,Jakarta,21cineplex,JKTKALI,"KALIBATA MALL LT. 3, JL. RAYA KALIBATA TELEPON : (021) 799 1870",-6.257061,106.855967,,https://m.21cineplex.com/cinemas/JKTKALI?city_id=10,803a26e7-953f-469e-98df-54121e853753,2026-05-17T06:20:12.099521
KELAPA GADING XXI,XXI,Jakarta,21cineplex,JKTGADN,"MALL KELAPA GADING 3, LT.3 TELEPON : (021) 458 53 821",-6.158872,106.907002,,https://m.21cineplex.com/cinemas/JKTGADN?city_id=10,adb2e844-3978-4c80-868d-0552ee1facb0,2026-05-17T06:20:12.099534
KELAPA GADING PREMIERE,XXI,Jakarta,21cineplex,JKTPRGA,"MALL KELAPA GADING 3, LT.3 TELEPON : (021) 458 53 821",-6.158872,106.907002,,https://m.21cineplex.com/cinemas/JKTPRGA?city_id=10,826db59e-2c97-4de8-9a21-ba98f31d44dd,2026-05-17T06:20:12.099552
KELAPA GADING IMAX,XXI,Jakarta,21cineplex,JKTIXGD,"MALL KELAPA GADING 3, LT.3 TELEPON :(021) 458 53 821",-6.158872,106.907002,,https://m.21cineplex.com/cinemas/JKTIXGD?city_id=10,d5e403f8-f5e2-4a64-87d5-8a0651e209ab,2026-05-17T06:20:12.099565
KEMANG VILLAGE XXI,XXI,Jakarta,21cineplex,JKTKEVI,LIPPO MALL KEMANG LT. 3 JL. PANGERAN ANTASARI NO. 36 TELEPON : (021) 29056866,-6.260739,106.812536,,https://m.21cineplex.com/cinemas/JKTKEVI?city_id=10,a65a134b-c736-4a2a-aefc-c59990c72fb0,2026-05-17T06:20:12.099578
KEMANG VILLAGE PREMIERE,XXI,Jakarta,21cineplex,JKTPRKV,LIPPO MALL KEMANG LT 3 JL. P. ANTASARI NO. 36 JAKARTA SELATAN TELEPON : (021) 29056866,-6.260739,106.812536,,https://m.21cineplex.com/cinemas/JKTPRKV?city_id=10,0b21d732-5e8c-46cb-8334-0c082ab7a17b,2026-05-17T06:20:12.099595
KOTA KASABLANKA XXI,XXI,Jakarta,21cineplex,JKTKASA,Mal Kota Kasablanka Lt. 2 Jl. Casablanca Kav. 88 Jakarta Selatan 12870 TELEPON : (021) 29465221,-6.224099,106.843225,,https://m.21cineplex.com/cinemas/JKTKASA?city_id=10,7fdbf564-152e-4be2-b85b-fe13e1dd5995,2026-05-17T06:20:12.099608
KOTA KASABLANKA PREMIERE,XXI,Jakarta,21cineplex,JKTPRKA,Mal Kota Kasablanka Lt. 2 Jl. Casablanca Kav. 88 Jakarta Selatan 12870 TELEPON : (021) 29465221,-6.224099,106.843225,,https://m.21cineplex.com/cinemas/JKTPRKA?city_id=10,f2ef4077-14b3-4ec2-b828-6dbac9f423e3,2026-05-17T06:20:12.099619
KRAMAT JATI XXI,XXI,Jakarta,21cineplex,JKTKRJT,KRAMAT JATI INDAH LT. 3 JL. RAYA BOGOR KM. 19 JAKARTA TIMUR TELEPON : (021) 80877457,-6.270643,106.869037,,https://m.21cineplex.com/cinemas/JKTKRJT?city_id=10,fe396434-03b0-451d-bdee-c75b3a2f4cd7,2026-05-17T06:20:12.099631
KUNINGAN CITY XXI,XXI,Jakarta,21cineplex,JKTKUCI,Kuningan City Lt. 3 Jl. Prof. Dr. Satrio Kav 18 Kuningan Setiabudi TELEPON : (021) 30480621,-6.224782,106.829289,,https://m.21cineplex.com/cinemas/JKTKUCI?city_id=10,37fd051d-44f0-42a4-8567-aab6b39e07a6,2026-05-17T06:20:12.099644
LIPPO MALL PURI XXI,XXI,Jakarta,21cineplex,JKTSTMO,JL. PURI INDAH RAYA BLOK U1 LT. 1 JAKARTA - BARAT TELEPON: (021) 29111370,-6.187539,106.739378,,https://m.21cineplex.com/cinemas/JKTSTMO?city_id=10,85fdddfa-37ab-4a65-9c14-ea5903ea68ca,2026-05-17T06:20:12.099657
LIPPO MALL PURI PREMIERE,XXI,Jakarta,21cineplex,JKTPRSM,JL. PURI INDAH RAYA BLOK U1 LT. 1 JAKARTA - BARAT TELEPON: (021) 29111370,-6.187539,106.739378,,https://m.21cineplex.com/cinemas/JKTPRSM?city_id=10,a707a280-aa4c-4584-940e-3fe505ac7de3,2026-05-17T06:20:12.099668
LOTTE SHOPPING AVENUE XXI,XXI,Jakarta,21cineplex,JKTLOSA,LOTTE SHOPPING AVENUE LT. 4 Jl. Dr. Satrio Kav. 3-5 Karet Kuningan Jakarta 12940 TELP : 021-29889421,-6.224015,106.822697,,https://m.21cineplex.com/cinemas/JKTLOSA?city_id=10,79d9d42f-18a2-488d-810b-f8ffc0df21a9,2026-05-17T06:20:12.099685
LOTTE SHOPPING AVENUE PREMIERE,XXI,Jakarta,21cineplex,JKTPRLS,LOTTER SHOPPING AVENUE LT. 4 Jl. Dr. Satrio Kav. 3-5 Karet Kuningan Jakarta 12940 TELEPON : (021) 29889421,-6.224015,106.822697,,https://m.21cineplex.com/cinemas/JKTPRLS?city_id=10,ee03924e-f5db-4b2a-a49a-bdbf358b0767,2026-05-17T06:20:12.099696
MAL ATRIUM SENEN XXI,XXI,Jakarta,21cineplex,JKTATRI,ATRIUM SEGITIGA SENEN LT. 4 TELEPON : (021) 386 7830,-6.17695,106.841338,,https://m.21cineplex.com/cinemas/JKTATRI?city_id=10,a92ce8ff-ef22-4070-9b09-49587f27e931,2026-05-17T06:20:12.099708
MALL KOJA XXI,XXI,Jakarta,21cineplex,JKTKTM,Koja Trade Mall Lt. 2 Jln. Kramat Jaya No. 30 Jakarta Utara TELEPON : (021) 43938021,-6.121024,106.916107,,https://m.21cineplex.com/cinemas/JKTKTM?city_id=10,1010de2a-76de-4d4b-874f-686ef9835055,2026-05-17T06:20:12.099722
METROPOLE XXI,XXI,Jakarta,21cineplex,JKTMETR,KOMP. MEGARIA Jl. Pegangsaan 21 Jakarta Pusat TELEPON: (021) 31922249,-6.200043,106.843516,,https://m.21cineplex.com/cinemas/JKTMETR?city_id=10,6cfe758e-22d3-4419-9660-edb27de2afa0,2026-05-17T06:20:12.099736
METROPOLE PREMIERE,XXI,Jakarta,21cineplex,JKTPRME,KOMP. MEGARIA Jl. Pegangsaan 21 Jakarta Pusat TELEPON: (021) 31922249,-6.200043,106.843516,,https://m.21cineplex.com/cinemas/JKTPRME?city_id=10,6e243d93-e561-4d71-acda-1d03e491a76a,2026-05-17T06:20:12.099746
ONE BELPARK XXI,XXI,Jakarta,21cineplex,JKTONBE,"ONE BEL PARK LT. 2 JL. RUMAH SAKIT FATMAWATI NO. 1 KEL. PONDOK LABU, KEC. CILANDAK JAKARTA SELATAN TELEPON: (021) 27653422",-6.304411,106.795014,,https://m.21cineplex.com/cinemas/JKTONBE?city_id=10,0dd3282d-71a5-416a-b5c8-64c68235df28,2026-05-17T06:20:12.099759
ONE BELPARK PREMIERE,XXI,Jakarta,21cineplex,JKTPROB,"ONE BEL PARK LT. 2 JL. RUMAH SAKIT FATMAWATI NO. 1 KEL. PONDOK LABU, KEC. CILANDAK JAKARTA SELATAN TELEPON: (021) 27653422",-6.304411,106.795014,,https://m.21cineplex.com/cinemas/JKTPROB?city_id=10,e311b311-cacc-48fd-83fd-d165311c8605,2026-05-17T06:20:12.099788
PGC XXI,XXI,Jakarta,21cineplex,JKTPGC,"Pusat Grosir Cililitan - Lantai A (7) Jln. Dewi Sartika, Cililitan Kec. Kramat Jati, Kota Jakarta Timur Jakarta 13640 TELEPON: (021) 22080068",-6.262174,106.865471,,https://m.21cineplex.com/cinemas/JKTPGC?city_id=10,2fe0891b-70dd-41c6-a77d-645adb0b2df7,2026-05-17T06:20:12.099801
PLAZA INDONESIA XXI,XXI,Jakarta,21cineplex,JKTSTUX,"PLAZA INDONESIA 6th Fl., JL. M.H. THAMRIN KAV. 28-30 TELEPON : (021) 398 38 779",-6.193379,106.821994,,https://m.21cineplex.com/cinemas/JKTSTUX?city_id=10,e973479d-56bd-4703-b4c9-163d234236c8,2026-05-17T06:20:12.099814
PLAZA INDONESIA PREMIERE,XXI,Jakarta,21cineplex,JKTPRPN,PLAZA INDONESIA Lantai 6 Jl. MH Thamrin Kav 28-30 Jakarta Pusat PHONE: (021) 398 38 779,-6.193379,106.821994,,https://m.21cineplex.com/cinemas/JKTPRPN?city_id=10,8e4563b6-7ccf-4426-8c04-3fa7e84d5d41,2026-05-17T06:20:12.099825
PLAZA SENAYAN XXI,XXI,Jakarta,21cineplex,JKTPLSE,PLAZA SENAYAN P 5 JL. ASIA AFRIKA TELEPON : (021) 572 5535,-6.225374,106.7989,,https://m.21cineplex.com/cinemas/JKTPLSE?city_id=10,04508a32-2fb9-41fa-bb62-1854dd989782,2026-05-17T06:20:12.099837
PLAZA SENAYAN PREMIERE,XXI,Jakarta,21cineplex,JKTPRPS,PLAZA SENAYAN P 5 JL. ASIA AFRIKA TELEPON : (021) 572 5535,-6.225374,106.7989,,https://m.21cineplex.com/cinemas/JKTPRPS?city_id=10,f8d0f1f3-6644-41fb-96ee-319e114d1128,2026-05-17T06:20:12.099848
PONDOK INDAH 2 XXI,XXI,Jakarta,21cineplex,JKTPOID,"PONDOK INDAH MALL 2, LT. 3 TELEPON : (021) 759 20781",-6.265347,106.782689,,https://m.21cineplex.com/cinemas/JKTPOID?city_id=10,2dba279a-f1a8-4721-a484-0903a3b64257,2026-05-17T06:20:12.099860
PONDOK INDAH 2 PREMIERE,XXI,Jakarta,21cineplex,JKTPRPI,"PONDOK INDAH MALL 2, LT. 3 TELEPON : (021) 759 20781",-6.265347,106.782689,,https://m.21cineplex.com/cinemas/JKTPRPI?city_id=10,69598959-b784-4345-96df-822d4b5c55e6,2026-05-17T06:20:12.099871
PURI XXI,XXI,Jakarta,21cineplex,JKTPURI,PURI INDAH MALL LT. 2 TELEPON : (021) 582 2521,-6.188171,106.733594,,https://m.21cineplex.com/cinemas/JKTPURI?city_id=10,f3678ecf-899c-430b-aadf-73529e827393,2026-05-17T06:20:12.099882
PURI PREMIERE,XXI,Jakarta,21cineplex,JKTPRPU,PURI INDAH MALL LT. 2 TELEPON : (021) 582 2521,-6.188171,106.733594,,https://m.21cineplex.com/cinemas/JKTPRPU?city_id=10,2bdd96f4-a5d6-4073-9f9c-79b6f7000d94,2026-05-17T06:20:12.099893
SEASONS CITY XXI,XXI,Jakarta,21cineplex,JKTSACI,"SEASONS CITY LT.2 JL. LATUMENTEN, JAKARTA BARAT TELEPON : (021) 6385 3901",-6.153331,106.796725,,https://m.21cineplex.com/cinemas/JKTSACI?city_id=10,af8abfc6-e21a-4a5d-82fe-54e803d9698b,2026-05-17T06:20:12.099909
SENAYAN CITY XXI,XXI,Jakarta,21cineplex,JKTSECI,Jl. ASIA AFRIKA LOT 19 LANTAI 5 TELEPON : (021) 7278 1221,-6.227187,106.797377,,https://m.21cineplex.com/cinemas/JKTSECI?city_id=10,29fbdd0c-5c23-4118-bc12-dce8ea29262b,2026-05-17T06:20:12.099922
SENAYAN CITY PREMIERE,XXI,Jakarta,21cineplex,JKTPRSC,Jl. ASIA AFRIKA LOT 19 LANTAI 5 TELEPON : (021) 7278 1221,-6.227187,106.797377,,https://m.21cineplex.com/cinemas/JKTPRSC?city_id=10,c13de739-21a0-41fc-8ef7-ab1182fb1015,2026-05-17T06:20:12.099933
SETIABUDI XXI,XXI,Jakarta,21cineplex,JKTSETI,"SETIABUDI BUILDING I LT. 3, JL. H.R. RASUNA SAID TELEPON : (021) 521 0721",-6.215999,106.82995,,https://m.21cineplex.com/cinemas/JKTSETI?city_id=10,2509dbca-3787-4438-af2d-05c8ef25d0f6,2026-05-17T06:20:12.099950
TAMAN ANGGREK XXI,XXI,Jakarta,21cineplex,JKTANGG,MALL TAMAN ANGGREK LT. 3 TELEPON : (021) 563 9403,-6.178188,106.792088,,https://m.21cineplex.com/cinemas/JKTANGG?city_id=10,87cc7ef7-babf-4e16-9fcf-fc6d207c1f30,2026-05-17T06:20:12.099962
AEON MALL BSD CITY XXI,XXI,Tangerang,21cineplex,TGRAEBS,AEON MALL BSD CITY LT. 3 Jl. Raya BSD Utama Boulevard Barat Kec. Pagedangan - Kab. Tangerang TELEPON: (021) 29168366,-6.305554,106.643344,,https://m.21cineplex.com/cinemas/TGRAEBS?city_id=15,2a628bc1-4659-467b-921b-b49ba71d8dd6,2026-05-17T06:20:12.099978
AEON MALL BSD CITY PREMIERE,XXI,Tangerang,21cineplex,TGRPRAB,AEON MALL BSD CITY LT. 3 Jl. Raya BSD Utama Boulevard Barat Kec. Pagedangan - Kab. Tangerang TELEPON: (021) 29168366,-6.305554,106.643344,,https://m.21cineplex.com/cinemas/TGRPRAB?city_id=15,057c684b-29a4-4012-85c9-2a56d43f1bbd,2026-05-17T06:20:12.099989
AEON MALL SENTUL CITY XXI,XXI,Bogor,21cineplex,BGRAESC,"AEON MALL Sentul City - Lantai 3 Jl. MH. Thamrin Citaringgul, Kec. Babakan Madang Bogor, Jawa Barat 16810 TELEPON: (021) - 87965309",-6.567052,106.857955,,https://m.21cineplex.com/cinemas/BGRAESC?city_id=3,69fadadd-3db0-4701-a5b6-32688bec12af,2026-05-17T06:20:12.100002
AEON MALL SENTUL CITY PREMIERE,XXI,Bogor,21cineplex,BGRPRAS,"AEON MALL SENTUL CITY Jl. MH. Thamrin, Citraringgul Kec. Babakan Madang, Bogor Jawa Barat 16810 TELEPON: (021) - 87965309",-6.567052,106.857955,,https://m.21cineplex.com/cinemas/BGRPRAS?city_id=3,b2f36cc7-324a-4645-be69-c8d8ccf8f227,2026-05-17T06:20:12.100013
AEON MALL SENTUL CITY IMAX,XXI,Bogor,21cineplex,BGRIXAS,"AEON MALL SENTUL CITY Jl. MH. Thamrin, Citraringgul Kec. Babakan Madang, Bogor Jawa Barat 16810 TELEPON: (021) - 87965309",-6.567052,106.857955,,https://m.21cineplex.com/cinemas/BGRIXAS?city_id=3,b54fae58-a5c0-44ab-93bd-e7e30e331cf1,2026-05-17T06:20:12.100024
ALAM SUTERA XXI,XXI,Tangerang,21cineplex,TGRALSU,MALL ALAM SUTERA LT. 2 JL. JALUR SUTERA 30D / 18 ALAM SUTERA SERPONG - TANGERANG 15325 TELEPON : (021) 30448331,-6.222468,106.653482,,https://m.21cineplex.com/cinemas/TGRALSU?city_id=15,75bf9fa5-6182-4643-bc17-46fe4a882593,2026-05-17T06:20:12.100043
ALAM SUTERA PREMIERE,XXI,Tangerang,21cineplex,TGRPRAS,MALL ALAM SUTERA LT. 2 JL. JALUR SUTERA 30D / 18 ALAM SUTERA SERPONG - TANGERANG 15325 TELEPON : (021) 30448331,-6.222468,106.653482,,https://m.21cineplex.com/cinemas/TGRPRAS?city_id=15,4157f4b8-744c-42e9-82b9-65d244465f24,2026-05-17T06:20:12.100054
ALAM SUTERA IMAX,XXI,Tangerang,21cineplex,TGRIXAS,MALL ALAM SUTERA LT. 2 JL. JALUR SUTERA 30D / 18 ALAM SUTERA SERPONG - TANGERANG 15325 TELEPON : (021) 30448331,-6.222468,106.653482,,https://m.21cineplex.com/cinemas/TGRIXAS?city_id=15,0f0683df-b00a-45c3-ae56-7f33043afa3b,2026-05-17T06:20:12.100065
BALE KOTA XXI,XXI,Tangerang,21cineplex,TGRBAKO,MAL BALE KOTA LT. 2 JL. JEND. SUDIRMAN KM.10 TANGERANG 15119 TELP : (021) - 29668521,-6.179195,106.642904,,https://m.21cineplex.com/cinemas/TGRBAKO?city_id=15,6b250429-2888-4fe7-9e16-98d9aabd85b1,2026-05-17T06:20:12.100081
BANDARA CITY MALL XXI,XXI,Tangerang,21cineplex,TGRBACI,"Bandara City Mall Lt. 2, Jl. Perancis Raya, Dadap, Kec. kosambi Kab. Tangerang, Bantan 15211 TELEPHON : ( 021 ) 50632121",-6.09219,106.69222,,https://m.21cineplex.com/cinemas/TGRBACI?city_id=15,fd498381-c610-489f-8002-595ba2c7db20,2026-05-17T06:20:12.100094
BINTARO XCHANGE 2 XXI,XXI,Tangerang,21cineplex,TGRBIX2,"Mall Bintaro Xchange 2, Lt. 1 Jl.Tegal Rotan Raya, Jl. Lkr. Jaya No. 24, Pd. Jaya, Kec. Ps. Aren, Kota Tangerang Selatan, Banten 15220 TELEPON: (021) - 39732921",-6.285763,106.729282,,https://m.21cineplex.com/cinemas/TGRBIX2?city_id=15,4c5414b4-1992-4526-89d8-2da545f65375,2026-05-17T06:20:12.100114
BINTARO XCHANGE 2 PREMIERE,XXI,Tangerang,21cineplex,TGRPRBX,"Mall Bintaro Xchange 2, Lt. 1 Jl.Tegal Rotan Raya, Jl. Lkr. Jaya No. 24, Pd. Jaya, Kec. Ps. Aren, Kota Tangerang Selatan, Banten 15220 TELEPON: (021) - 39732921",-6.285763,106.729282,,https://m.21cineplex.com/cinemas/TGRPRBX?city_id=15,4264af31-4eab-4777-8ec8-b0d51b45728f,2026-05-17T06:20:12.100125
BINTARO XCHANGE 2 IMAX,XXI,Tangerang,21cineplex,TGRIXBX,"Mall Bintaro Xchange 2, Lt. 1 Jl.Tegal Rotan Raya, Jl. Lkr. Jaya No. 24, Pd. Jaya, Kec. Ps. Aren, Kota Tangerang Selatan, Banten 15220 TELEPON: (021) - 39732921",-6.285763,106.729282,,https://m.21cineplex.com/cinemas/TGRIXBX?city_id=15,03bca4ac-f167-40b0-8356-bee9eb6bb2dd,2026-05-17T06:20:12.100136
BINTARO XCHANGE XXI,XXI,Tangerang,21cineplex,TGRBIXC,BINTARO JAYA XCHANGE MALL LT. 1 JL. BOULEVARD BINTARO JAYA SEKTOR 7 BLOK 0-2 TANGERANG SELATAN 15224 TELEPON : (021) 29864824,-6.285455,106.727525,,https://m.21cineplex.com/cinemas/TGRBIXC?city_id=15,fe9ce0f4-feb1-4470-88bf-c160c6f1597e,2026-05-17T06:20:12.100154
BOGOR GREAT MALL XXI,XXI,Bogor,21cineplex,BGRTRBO,"BOGOR GREAT MALL Lt. 3, Jl. KH R Abdullah Bin Nuh RT. 005/RW. 004 Cibadak, Tanah Sereal Kota Bogor TELEPON: (0251) 7596410",-6.557251,106.772904,,https://m.21cineplex.com/cinemas/BGRTRBO?city_id=3,9aa1aef1-69af-47e8-9d7d-bf700a9b7f9a,2026-05-17T06:20:12.100182
BOGOR SQUARE XXI,XXI,Bogor,21cineplex,BGRBOSQ,"Ramayana Bogor Square Jln. KH. Sholeh Iskandar No. 121 Lt. 3 Kedung Jaya, Tanah Sereal Bogor 16164 TELEPON: (0251) 7595621",-6.558711,106.785344,,https://m.21cineplex.com/cinemas/BGRBOSQ?city_id=3,d1db1d2a-889b-4790-aa08-d80d07415d8f,2026-05-17T06:20:12.100195
BOTANI SQUARE XXI,XXI,Bogor,21cineplex,BGRBOTA,"BOTANI SQUARE LT. 2, JL. RAYA PAJAJARAN TELEPON : (0251) 840 0821",-6.601209,106.807323,,https://m.21cineplex.com/cinemas/BGRBOTA?city_id=3,68d4cf84-69f1-48fc-835d-fe123ce79668,2026-05-17T06:20:12.100207
BOXIES XXI,XXI,Bogor,21cineplex,BGRBOXI,"Mall Boxies 123 Lt.5 Jl. Raya Tajur No.123, Kec, Bogor Timur, Kota Bogor Jawa Barat 16141 TELEPON: (0251) - 8396221",-6.634063,106.826912,,https://m.21cineplex.com/cinemas/BGRBOXI?city_id=3,b9a449e0-19f8-469a-a2e5-c79ab059da11,2026-05-17T06:20:12.100220
BSD XXI,XXI,Tangerang,21cineplex,TGRSERP,"JL. RAYA SERPONG SEKTOR IV, BSD TELEPON : (021) 537 2704",-6.279291,106.662928,,https://m.21cineplex.com/cinemas/TGRSERP?city_id=15,4dc3e1f4-323a-4ae3-8b29-503de7e3f64b,2026-05-17T06:20:12.100244
CBD CILEDUG XXI,XXI,Tangerang,21cineplex,TGRCBCI,CBD Ciledug Lantai Atas HOS Cokroaminoto No. 93 Tangerang TELEPON : (021) 7345 2221,-6.223573,106.708557,,https://m.21cineplex.com/cinemas/TGRCBCI?city_id=15,249f56f4-3b77-45e2-b83c-f67ce442c610,2026-05-17T06:20:12.100256
CIBINONG CITY XXI,XXI,Bogor,21cineplex,BGRCICI,CIBINONG CITY MALL LT. 2 Jl. Tegar Beriman No. 1 Cibinong - Bogor TELEPON: (021) 29860091,-6.483923,106.843081,,https://m.21cineplex.com/cinemas/BGRCICI?city_id=3,1ef118ed-3823-417c-91b7-ad31ab8fc3c1,2026-05-17T06:20:12.100269
CIBINONG CITY PREMIERE,XXI,Bogor,21cineplex,BGRPRCC,CIBINONG CITY MALL LT. 2 Jl. Tegar Beriman No. 1 Cibinong - Bogor TELEPON: (021) 29860091,-6.483923,106.843081,,https://m.21cineplex.com/cinemas/BGRPRCC?city_id=3,3dc3b3de-43d0-4e77-9c3a-0be7f55c7973,2026-05-17T06:20:12.100279
CIKUPA XXI,XXI,Tangerang,21cineplex,TGRCIKU,"Ramayana Cikupa Lt.2 Jln. Raya Serang No. 100 Cikupa, Tangerang TELEPON: (021) 59646121",-6.228283,106.523403,,https://m.21cineplex.com/cinemas/TGRCIKU?city_id=15,158e608e-ee8a-405f-aa7f-352be6ae010c,2026-05-17T06:20:12.100293
CINERE,XXI,Bogor,21cineplex,BGRCINE,CINERE MALL LT. 3 TELEPON : (021) 754 0592,-6.323963,106.783864,,https://m.21cineplex.com/cinemas/BGRCINE?city_id=3,ba793af4-fbd6-4af6-912c-5f85fc974864,2026-05-17T06:20:12.100304
CINERE BELLEVUE XXI,XXI,Bogor,21cineplex,BGRCIBE,CINERE BELLEVUE MALL LT.1 JL. CINERE RAYA NO. 1 CINERE TELEPON : 021 29403889,-6.317522,106.782209,,https://m.21cineplex.com/cinemas/BGRCIBE?city_id=3,9ce3145d-3ad2-4ac4-b53b-d0bf421644fe,2026-05-17T06:20:12.100316
CIPLAZ CIBITUNG XXI,XXI,Bekasi,21cineplex,BKSCICB,"Ramayana Mal Cibitung Lt. 2 unit L2-B001 Jl. Tengku Umar, Gandasari, Kec. Cikarang Barat Keb. Bekasi, Jawa Barat 17530 TELEPON : (021) 50103621",-6.26762,107.08581,,https://m.21cineplex.com/cinemas/BKSCICB?city_id=4,be7739d6-4805-4546-84a1-e18ccd388b0f,2026-05-17T06:20:12.100334
CIPLAZ CILEDUG XXI,XXI,Tangerang,21cineplex,TGRCICI,"Ramayana Lt.1 Jl. Hos Cokroaminoto No. 38B, Sudimara timur, Kec. Ciledug Kota Tangerang Banten, 1515 TELEPON: (021) - 27563894",-6.226991,106.717945,,https://m.21cineplex.com/cinemas/TGRCICI?city_id=15,a4e772cd-5f3b-4764-9048-8cbf2d4fb218,2026-05-17T06:20:12.100347
CIPLAZ DEPOK XXI,XXI,Bogor,21cineplex,BGRDEPK,PLAZA RAMAYANA DEPOK LT. 2 TELEPON : (021) 776 0679,-6.392344,106.825966,,https://m.21cineplex.com/cinemas/BGRDEPK?city_id=3,ecd27f1c-366e-4634-948c-7c22d106670d,2026-05-17T06:20:12.100359
CIPLAZ PARUNG XXI,XXI,Bogor,21cineplex,BGRCIPA,"Ciplaz Parung Lantai 2 Jl. Raya Parung, Parung Kel. Parung, Kabupaten Bogor, Jawa Barat 16330 TELEPON : (0251) 2007007",-6.41927,106.734,,https://m.21cineplex.com/cinemas/BGRCIPA?city_id=3,fcfd0b43-7cfe-43bf-8255-7f546f5edbf9,2026-05-17T06:20:12.100374
CIPUTRA CIBUBUR XXI,XXI,Bekasi,21cineplex,BKSCICI,MAL CIPUTRA CIBUBUR LT. 3 Jl. Alternatif Cibubur Cileungsi Km. 4 Bekasi 17435 TELEPON : (021) 29377421,-6.383329,106.925702,,https://m.21cineplex.com/cinemas/BKSCICI?city_id=4,0160d0e4-c300-4835-b443-e67431156d5c,2026-05-17T06:20:12.100390
CIPUTRA CIBUBUR PREMIERE,XXI,Bekasi,21cineplex,BKSPRCC,MAL CIPUTRA CIBUBUR LT. 3 Jl. Alternatif Cibubur Cileungsi Km. 4 Bekasi 17435 TELEPON : (021) 29377421,-6.383329,106.925702,,https://m.21cineplex.com/cinemas/BKSPRCC?city_id=4,a60632ee-246d-46d7-9eec-79c5aafe0e2e,2026-05-17T06:20:12.100405
CITIMALL CIMANGGIS XXI,XXI,Bogor,21cineplex,BGRCICM,"Citimall Cimanggis Lt. 1 Unit No. 2-0010 Jl. Raya Bogor KM 29 No. 29, Mekarsari, Kec. Cimanggis, Kota Depok, Jawa Barat 16452 TELEPON: (021) 50106421",-6.357221348152501,106.860098771444,,https://m.21cineplex.com/cinemas/BGRCICM?city_id=3,685e2797-51e1-48f1-99bd-f715f2d031f7,2026-05-17T06:20:12.100419
COURTS KHI XXI,XXI,Bekasi,21cineplex,BKSCOKH,"Courts Megastore Kota Harapan Indah Bekasi Lt. 2 Jln. Harapan Indah Boulevard Medan Satria, Kota Bekasi Jawa Barat 17132 TELEPON: (021) 88899021",-6.186031,106.974925,,https://m.21cineplex.com/cinemas/BKSCOKH?city_id=4,76fd29a4-e1db-4118-b3ba-d1cbdfd90d74,2026-05-17T06:20:12.100438
GRAND KOTA BINTANG XXI,XXI,Bekasi,21cineplex,BKSGRKB,"Grand Kota Bintang Lantai 2 Jl. KH Noer Ali No. 1G, RT. 004/RW. 002, Jakasampurna, Kec. Bekasi Barat Kota Bekasi, Jawa Barat 17145 TELEPON : (021) 38317017",-6.249238,106.957015,,https://m.21cineplex.com/cinemas/BKSGRKB?city_id=4,c5ba9b30-e468-45c4-b918-3143690239cf,2026-05-17T06:20:12.100466
GRAND METROPOLITAN XXI,XXI,Bekasi,21cineplex,BKSGRME,GRAND METROPOLITAN MALL LT. 3 Jl. K.H. Noer Alie (Samping Pintu Tol Bekasi Barat) Bekasi Selatan 17148 TELEPON : (021) 29464660,-6.249603,106.985248,,https://m.21cineplex.com/cinemas/BKSGRME?city_id=4,96718f06-adae-4ce3-a76c-35f1f122737c,2026-05-17T06:20:12.100479
GRAND METROPOLITAN PREMIERE,XXI,Bekasi,21cineplex,BKSPRGM,GRAND METROPOLITAN MALL LT. 3 Jl. K.H. Noer Alie (Samping Pintu Tol Bekasi Barat) Bekasi Selatan 17148 TELEPON : (021) 29464660,-6.249603,106.985248,,https://m.21cineplex.com/cinemas/BKSPRGM?city_id=4,5fe50cfe-7a32-4bb7-85a6-c025cee1d8d7,2026-05-17T06:20:12.100490
GREEN WALK MALL XXI,XXI,Bekasi,21cineplex,BKSGRWA,"Green Walk Mall Lantai 2 Jl. HM. Joyo Martono KM. 16, Kec. Bekasi Timur, Kota Bekasi Jawa Barat 17113 TELEPON : (021) 82674570",-6.263343,107.020354,,https://m.21cineplex.com/cinemas/BKSGRWA?city_id=4,5d53f687-318b-42f6-a6bf-9e0312abb41b,2026-05-17T06:20:12.100508
ICON WALK XXI,XXI,Tangerang,21cineplex,TGRICWA,"ICON WALK LT. 3 JL. RAYA MERDEKA NO.1, CIMONE JAYA TELEPON : (021) 55728167",-6.185733,106.616938,,https://m.21cineplex.com/cinemas/TGRICWA?city_id=15,c0517d48-0914-42e6-82c3-665d99ef72a1,2026-05-17T06:20:12.100547
JAMBU DUA XXI,XXI,Bogor,21cineplex,BGRPLJD,"Plaza Jambu Dua Lt. 4 Jl. A. Yani No.1, Bantarjati, Kec. Bogor Utara, Kota Bogor, Jawa Barat 16153 TELEPON : ( 0251) 2000065",-6.56906,106.80828,,https://m.21cineplex.com/cinemas/BGRPLJD?city_id=3,d29bdfce-f52a-469f-94ab-ba58d726e9a4,2026-05-17T06:20:12.100574
LIVING WORLD GRAND WISATA XXI,XXI,Bekasi,21cineplex,BKSLWGW,"Living World Grand Wisata Lt. 3 Unit 3-12, Jl Celebration Boulevard Kav. 1 Grand Wisata, Lambangjaya, Kec. Tambun Selatan, Kab. Bekasi, Jawa Barat 17510 TELEPHON : ( 021) 50532121",-6.29284,107.04695,,https://m.21cineplex.com/cinemas/BKSLWGW?city_id=4,d3447146-48b3-4922-962c-dfc10826a7bb,2026-05-17T06:20:12.100620
LIVING WORLD KOTA WISATA XXI,XXI,Bogor,21cineplex,BGRLWKW,"Mall Living World Kota Wisata Lt. 3 Jl. Boulevard Kota Wisata, Ciangsana, Kec. Gn. Putri, Kabupaten Bogor, Jawa Barat 16968 TELEPON : ( 0251 ) 5672121",-6.369155,106.959368,,https://m.21cineplex.com/cinemas/BGRLWKW?city_id=3,9a12e372-ad9d-48e4-b9a1-ca86f83f67fd,2026-05-17T06:20:12.100638
LIVING WORLD KOTA WISATA PREMIERE,XXI,Bogor,21cineplex,BGRPRLW,"Mall Living World Kota Wisata Lt. 3 Jl. Boulevard Kota Wisata, Ciangsana, Kec. Gn. Putri, Kabupaten Bogor, Jawa Barat 16968 TELEPON : ( 0251 ) 5672121",-6.369155,106.959368,,https://m.21cineplex.com/cinemas/BGRPRLW?city_id=3,d6b62da1-5a02-4dff-b54d-216368c065d4,2026-05-17T06:20:12.100652
LIVING WORLD KOTA WISATA IMAX,XXI,Bogor,21cineplex,BGRIXLW,"Mall Living World Kota Wisata Lt. 3 Jl. Boulevard Kota Wisata, Ciangsana, Kec. Gn. Putri, Kabupaten Bogor, Jawa Barat 16968 TELEPON : ( 0251 ) 5672121",-6.369155,106.959368,,https://m.21cineplex.com/cinemas/BGRIXLW?city_id=3,bb28fd7a-8c4c-45b8-b324-521371c247b1,2026-05-17T06:20:12.100664
LIVING WORLD XXI,XXI,Tangerang,21cineplex,TGRLIWO,"Living World 2nd Floor Jl Alam Sutera Boulevard kav.21 Alam Sutera, Serpong 15325 TELEPON : (021) 5312 5569",-6.243723,106.654633,,https://m.21cineplex.com/cinemas/TGRLIWO?city_id=15,e07c4c92-2d78-4044-b03a-ce9a9569ff87,2026-05-17T06:20:12.100676
LIVING WORLD PREMIERE,XXI,Tangerang,21cineplex,TGRPRLW,"Living World 2nd Floor Jl Alam Sutera Boulevard kav.21 Alam Sutera, Serpong 15325 TELEPON : (021) 5312 5569",-6.243723,106.654633,,https://m.21cineplex.com/cinemas/TGRPRLW?city_id=15,cb9ced56-507f-4d2f-9b53-f214a5317ee8,2026-05-17T06:20:12.100691
LOTTE BINTARO XXI,XXI,Tangerang,21cineplex,TGRLOBI,MALL LOTTE BINTARO LT. 3 JL. MH. THAMRIN CBD AREA KAV. BLOK B7/01 BINTARO SEKTOR 7 TANGERANG SELATAN 15224 TELEPON : (021) 29310921,-6.274555,106.723741,,https://m.21cineplex.com/cinemas/TGRLOBI?city_id=15,a2fa81fb-cc84-45c0-a9c8-ed6649e16a90,2026-05-17T06:20:12.100704
MALL BTM XXI,XXI,Bogor,21cineplex,BGRBTM,"Mall BTM Bogor Lt.4, JL. IR. H. JUANDA NO. 68 TELEPON : (0251) 840 1241",-6.604699,106.795714,,https://m.21cineplex.com/cinemas/BGRBTM?city_id=3,b4199aba-0b18-4186-9da8-631e6faeccf3,2026-05-17T06:20:12.100759
MARGO CITY XXI,XXI,Bogor,21cineplex,BGRMACI,"Margo City Lantai 3 Jl. Margonda Raya No. 358, Kemiri Muka, Kec. Beji Kota Depok, Jawa Barat 16423 TELEPON : (021) 78870970",-6.36995,106.83527,,https://m.21cineplex.com/cinemas/BGRMACI?city_id=3,60689105-6f25-4542-947d-a6f821654d79,2026-05-17T06:20:12.100783
MARGO CITY PREMIERE,XXI,Bogor,21cineplex,BGRPRMC,"Margo City Lantai 3 Jl. Margonda Raya No. 358, Kemiri Muka, Kec. Beji Kota Depok, Jawa Barat 16423 TELEPON : (021) 78870970",-6.36995,106.83527,,https://m.21cineplex.com/cinemas/BGRPRMC?city_id=3,de9993ef-1b28-4dcf-9c0f-7e1b0293bc14,2026-05-17T06:20:12.100795
MARGO CITY IMAX,XXI,Bogor,21cineplex,BGRIXMC,"Margo City Lantai 3 Jl. Margonda Raya No. 358, Kemiri Muka, Kec. Beji Kota Depok, Jawa Barat 16423",-6.36995,106.83527,,https://m.21cineplex.com/cinemas/BGRIXMC?city_id=3,74935ee5-ac6c-45d9-99a4-6b908e20f310,2026-05-17T06:20:12.100810
MEGA BEKASI XXI,XXI,Bekasi,21cineplex,BKSMEBE,"MEGA BEKASI HYPER MALL LT. 5, JL. A . YANI NO.1 TELEPON : (021) 889 666 21",-6.249664,106.993178,,https://m.21cineplex.com/cinemas/BKSMEBE?city_id=4,fc8d01f4-f87a-4e9a-9ddd-4ac22858b1a7,2026-05-17T06:20:12.100823
METMALL CILEUNGSI XXI,XXI,Bogor,21cineplex,BGRMECI,METMALL CILEUNGSI LT.2 Jl. METRO RAYA METLAND TRANSYOGI CILEUNGSI TELEPON: (021)-29212061,-6.398968,106.974962,,https://m.21cineplex.com/cinemas/BGRMECI?city_id=3,243c59a9-351b-4c94-aa85-81d819653f9c,2026-05-17T06:20:12.100840
METROPOLITAN XXI,XXI,Bekasi,21cineplex,BKSMETL,"METROPOLITAN MALL LT. 2, JL. KALIMALANG TELEPON : (021) 884 4985",-6.248342,106.99063,,https://m.21cineplex.com/cinemas/BKSMETL?city_id=4,bdff643e-c222-490b-bec6-a3e9fead04e9,2026-05-17T06:20:12.100860
PAKUWON MALL BEKASI XXI,XXI,Bekasi,21cineplex,BKSPABE,"Pakuwon Mall Bekasi Lt.3 Unit L3-01, Jl. Raya Pekayon, Pekayon Jaya, Kec. Bekasi Selatan, Kota Bekasi, Jawa Barat 17148 TELEPON: (021) 50100421",-6.255863,106.989693,,https://m.21cineplex.com/cinemas/BKSPABE?city_id=4,90511bf7-f5a7-4765-b3a7-a72ea9bb2d6d,2026-05-17T06:20:12.100903
PAKUWON MALL BEKASI PREMIERE,XXI,Bekasi,21cineplex,BKSPRPB,"Pakuwon Mall Bekasi Lt.3 Unit L3-01, Jl. Raya Pekayon, Pekayon Jaya, Kec. Bekasi Selatan, Kota Bekasi, Jawa Barat 17148 TELEPON: (021) 50100421",-6.255863,106.989693,,https://m.21cineplex.com/cinemas/BKSPRPB?city_id=4,0a60355b-fb51-4343-8af4-54c98032756a,2026-05-17T06:20:12.100915
PESONA SQUARE XXI,XXI,Bogor,21cineplex,BGRPESQ,"Pesona Square Mall Lt. 2 Jln. Ir. H. Juanda No.99 RT. 05 RW.022, Kel. Bakti Jaya Sukma Jaya, Kota Depok TELEPON : (021) 77817177",-6.380015,106.845021,,https://m.21cineplex.com/cinemas/BGRPESQ?city_id=3,1116e940-7d13-4b21-a39e-8ad07f6d2d76,2026-05-17T06:20:12.100928
PESONA SQUARE PREMIERE,XXI,Bogor,21cineplex,BGRPRPS,"Pesona Square Mall Lt. 2 Jln. Ir. H. Juanda No.99 RT. 05 RW.022, Kel. Bakti Jaya Sukma Jaya, Kota Depok TELEPON : (021) 77817177",-6.380015,106.845021,,https://m.21cineplex.com/cinemas/BGRPRPS?city_id=3,f6308da9-2d28-4a5b-adc8-d225281635f1,2026-05-17T06:20:12.100940
PLASA CIBUBUR XXI,XXI,Bekasi,21cineplex,BKSPLCI,PLASA CIBUBUR LT. 3 Jl. Alternatif Cibubur - Cileungsi Km 2-3 TELEPON: (021) 84597403,-6.37666,106.914835,,https://m.21cineplex.com/cinemas/BKSPLCI?city_id=4,fb5dc3a6-5a26-46d1-8de1-35103af8fd27,2026-05-17T06:20:12.100955
PLAZA BINTARO XXI,XXI,Tangerang,21cineplex,TGRBINT,"Plaza Bintaro Jaya Lantai 3, Jl. Bintaro Utama III, Bintaro Jaya Sektor 3A, Tangerang Selatan 15225 TELEPON : (021) 735 5371",-6.272044,106.741246,,https://m.21cineplex.com/cinemas/TGRBINT?city_id=15,24466d4b-2dd9-45cc-95a5-0a8a03e72649,2026-05-17T06:20:12.100971
PONDOK GEDE XXI,XXI,Bekasi,21cineplex,BKSPOGD,PLAZA PONDOK GEDE 2 LT. 2 TELEPON : (021) 849 380 21,-6.28393,106.913211,,https://m.21cineplex.com/cinemas/BKSPOGD?city_id=4,36ce26cf-dc3f-4d38-8185-d0c088c25aa2,2026-05-17T06:20:12.100991
Q SQUARE XXI,XXI,Bogor,21cineplex,BGRQSQU,"Q Square Lifestyle Park, Lt. Dasar Unit AR-05, Jl. Raya Jakarta-Bogor No.Km. 50, Cijujung, Kec Sukaraja, Kab. Bogor, Jawa Barat 16710 TELEPON : (0251) - 8700321",-6.526486,106.834456,,https://m.21cineplex.com/cinemas/BGRQSQU?city_id=3,6e120b4b-a54d-4fe9-85c3-33d5d53312e0,2026-05-17T06:20:12.101028
QBIG BSD CITY XXI,XXI,Tangerang,21cineplex,TGRQBBC,"QBig BSD City Unit G.03, Jl. BSD Raya Utama, Lengkong Kulon, Kec. Pagedangan, Kabupaten Tangerang, Banten 15331 TELEPON : (021) - 50550321",-6.284335,106.636985,,https://m.21cineplex.com/cinemas/TGRQBBC?city_id=15,02b1ea1f-59f3-4268-bfaa-3529bebd0bdd,2026-05-17T06:20:12.101049
RAMAYANA TAJUR XXI,XXI,Bogor,21cineplex,BGRRATA,"Mall Ramayana Lt. 2 Jln. Raya Tajur, Sindang Sari, Bogor Timur Kota Bogor, Jawa Barat 16146 TELEPON: (0251) 8572221",-6.644146,106.83869,,https://m.21cineplex.com/cinemas/BGRRATA?city_id=3,3e957fa0-91bc-422d-9265-1bcd2b4a60e9,2026-05-17T06:20:12.101071
REVO MALL XXI,XXI,Bekasi,21cineplex,BKSBESQ,"REVO TOWN LT. 1, BEKASI BARAT TELEPON : (021) 824 24 801",-6.25408,106.989847,,https://m.21cineplex.com/cinemas/BKSBESQ?city_id=4,9ba44bed-e9ee-4d14-800b-4546ae1b54ba,2026-05-17T06:20:12.101084
SUMMARECON MAL BEKASI XXI,XXI,Bekasi,21cineplex,BKSSUBE,SUMMARECON MAL BEKASI LT. 3 Jl. Bulevar Ahmad Yani Bekasi TELEPON : (021) 29572421,-6.226225,107.000893,,https://m.21cineplex.com/cinemas/BKSSUBE?city_id=4,a00cee27-dade-4bed-9070-22633b0a8a27,2026-05-17T06:20:12.101107
SUMMARECON MAL BEKASI PREMIERE,XXI,Bekasi,21cineplex,BKSPRSB,SUMMARECON MAL BEKASI LT. 3 Jl. Bulevar Ahmad Yani Bekasi TELEPON : (021) 29572421,-6.226225,107.000893,,https://m.21cineplex.com/cinemas/BKSPRSB?city_id=4,4cc34fe4-d647-4cd9-b707-5675d1008e85,2026-05-17T06:20:12.101119
SUMMARECON MAL BEKASI IMAX,XXI,Bekasi,21cineplex,BKSIXSB,SUMMARECON MAL BEKASI LT. 3 Jl. Bulevar Ahmad Yani Bekasi TELEPON :(021) 29572421,-6.226225,107.000893,,https://m.21cineplex.com/cinemas/BKSIXSB?city_id=4,429c58fe-fed6-4d0f-81a9-80f193ba82b0,2026-05-17T06:20:12.101146
SUMMARECON MAL SERPONG XXI,XXI,Tangerang,21cineplex,TGRSERO,SUMMARECON MAL LT. 3 JL. BOULEVARD GADING SERPONG TELEPON : (021) 542 026 21,-6.238471,106.62814,,https://m.21cineplex.com/cinemas/TGRSERO?city_id=15,73d204a1-f533-473b-a63d-a213a2c24426,2026-05-17T06:20:12.101161
SUMMARECON MAL SERPONG PREMIERE,XXI,Tangerang,21cineplex,TGRPRSS,SUMMARECON MAL LT. 3 JL. BOULEVARD GADING SERPONG TELEPON : (021) 542 026 21,-6.238471,106.62814,,https://m.21cineplex.com/cinemas/TGRPRSS?city_id=15,4e8f6e63-942c-46a9-a2fe-c2df534087ee,2026-05-17T06:20:12.101172
SUMMARECON MAL SERPONG IMAX,XXI,Tangerang,21cineplex,TGRIXSS,SUMMARECON MAL LT. 3 JL. BOULEVARD GADING SERPONG TELEPON :(021) 542 026 21,-6.238471,106.62814,,https://m.21cineplex.com/cinemas/TGRIXSS?city_id=15,70de282c-ef87-48ec-9a7d-bc7fec9b1345,2026-05-17T06:20:12.101202
SUPERMAL KARAWACI XXI,XXI,Tangerang,21cineplex,TGRKARA,Supermal Karawaci Jl. Bulevar Diponegoro Tangerang TELEPON: (021) 5421 2354,-6.226718,106.606865,,https://m.21cineplex.com/cinemas/TGRKARA?city_id=15,837c8116-a340-45a7-a74e-b2fce759e25a,2026-05-17T06:20:12.101214
SUPERMAL KARAWACI PREMIERE,XXI,Tangerang,21cineplex,TGRPRKA,SUPERMAL KARAWACI TELEPON : (021) 5421 2354,-6.226718,106.606865,,https://m.21cineplex.com/cinemas/TGRPRKA?city_id=15,4bf35683-2200-4811-9724-320c1f0acff1,2026-05-17T06:20:12.101227
TANGCITY XXI,XXI,Tangerang,21cineplex,TGRTACI,TANG CITY MALL LT. 2 - Tangerang City Jalan Jend. Sudirman No. 1 Tangerang 15117 PHONE: (021) 29309581,-6.193941,106.634183,,https://m.21cineplex.com/cinemas/TGRTACI?city_id=15,6d625b41-9a29-4326-b630-db17ba68441f,2026-05-17T06:20:12.101244
THE BREEZE XXI,XXI,Tangerang,21cineplex,TGRTHBR,Jln. Grand Boulevard BSD Green Office Park BSD City Lantai Dasar Tangerang Selatan 15310 TELEPON: (021) 29580094,-6.301745,106.653965,,https://m.21cineplex.com/cinemas/TGRTHBR?city_id=15,4c6b3dad-ba93-4dec-9ea6-c674728126cc,2026-05-17T06:20:12.101257
THE BREEZE PREMIERE,XXI,Tangerang,21cineplex,TGRPRTB,Jln. Grand Boulevard BSD Green Office Park BSD City Lantai Dasar Tangerang Selatan 15310 TELEPON: (021) 29580094,-6.301745,106.653965,,https://m.21cineplex.com/cinemas/TGRPRTB?city_id=15,2008f380-6f9d-4ce2-ae06-eba2eb141df4,2026-05-17T06:20:12.101268
THE BREEZE IMAX,XXI,Tangerang,21cineplex,TGRIXTB,Jln. Grand Boulevard BSD Green Office Park BSD City Lantai Dasar Tangerang Selatan 15310 TELEPON: (021) 29580094,-6.301745,106.653965,,https://m.21cineplex.com/cinemas/TGRIXTB?city_id=15,ec7a2189-660f-4394-b7df-f44b021f1202,2026-05-17T06:20:12.101295
THE PARK SAWANGAN XXI,XXI,Bogor,21cineplex,BGRTPSA,"THE PARK SAWANGAN - Lantai 3 Jl. Raya Parung, Ciputat No.1, Kota Depok, Jawa Barat 16555 TELEPON: (021) – 7438571",-6.376436,106.744925,,https://m.21cineplex.com/cinemas/BGRTPSA?city_id=3,05df4180-b0ec-41f7-bb67-f1a42b8def44,2026-05-17T06:20:12.101312
TRANSPARK BINTARO 7 XXI,XXI,Tangerang,21cineplex,TGRTRBI,"Transpark Mall Lt.4 Jl. Prof DR. Satrio No.5, Pd Jaya Kec, Pd Aren, Kota Tangerang Selatan Banten, 15220 TELEPON: (021) 39700559",-6.277169,106.72078,,https://m.21cineplex.com/cinemas/TGRTRBI?city_id=15,22b208ef-7791-48c7-9255-d28c6e865a02,2026-05-17T06:20:12.101326
TRANSPARK MALL JUANDA XXI,XXI,Bekasi,21cineplex,BKSTRJU,Transpark Mall Juanda Lt.5 Jl. Ir. H. Juanda No 180 Kota Bekasi TELEPON: (021) - 89992121,-6.250399,107.014972,,https://m.21cineplex.com/cinemas/BKSTRJU?city_id=4,a751acb6-0e0d-4aa4-aa91-88ccac33d7e3,2026-05-17T06:20:12.101341
TSM XXI CIBUBUR,XXI,Bogor,21cineplex,BGRTSCI,Trans Studio Mall Cibubur Lt.3 Jl. Alternatif cibubur No. 230 Bogor TELEPON: (021) 3971-5650,-6.375651,106.902432,,https://m.21cineplex.com/cinemas/BGRTSCI?city_id=3,a5c90ec9-2b85-44a4-aab5-0b35ce6f3363,2026-05-17T06:20:12.101365
TSM CIBUBUR PREMIERE,XXI,Bogor,21cineplex,BGRPRTC,"Trans Studio Mall Cibubur Lt. 3 Jl. Alternatif Cibubur No. 230, Bogor TELEPON: (021) 3971-5650",-6.375651,106.902432,,https://m.21cineplex.com/cinemas/BGRPRTC?city_id=3,20dc7184-171e-40a4-bd1c-905ddf78c7db,2026-05-17T06:20:12.101383
