cinema_id,title,source,movie_id,movie_code,genre,duration,age_rating,format,show_date,id,created_at
36c0a02d-88e7-4467-ab42-45fee1238b3c,SEKAWAN LIMO 2: GUNUNG KLAWIH,cinepolis,,7a5e33ac-ba36-4c3f-bd38-0f7f00a79a1d,COMEDY,2h 2m,13+,2D,2026-05-28,e3ab55b4-f5d5-4414-b11a-3bd6ad8a22a3,2026-05-27T17:33:29.337702
36c0a02d-88e7-4467-ab42-45fee1238b3c,CHILDREN OF HEAVEN,cinepolis,,0ae5ff7b-e255-45b6-a488-c0feb89dc653,DRAMA,1h 37m,SU,2D,2026-05-28,3ea4dbe2-b886-4d69-91e5-716f399fe68b,2026-05-27T17:33:30.897555
36c0a02d-88e7-4467-ab42-45fee1238b3c,BADUT GENDONG,cinepolis,,3c747edf-0b24-47d3-a687-cce565db1452,HORROR,1h 41m,D17+,2D,2026-05-28,c84bc3ce-c5a7-4ecd-9584-fdbab395dbfb,2026-05-27T17:33:31.749242
36c0a02d-88e7-4467-ab42-45fee1238b3c,TUMBAL PROYEK,cinepolis,,0b14c075-63cc-4a3b-b0a7-a3578ae1590b,HORROR,1h 46m,D17+,2D,2026-05-28,62126aa2-e5a4-4278-a80e-55091ae1e1fb,2026-05-27T17:33:33.324859
36c0a02d-88e7-4467-ab42-45fee1238b3c,PASSENGER,cinepolis,,f99ed192-5c3c-4e8c-b507-05e2d244ecfd,HORROR,1h 34m,D17+,2D,2026-05-28,5caf7119-f556-4a00-a622-a5a0149af145,2026-05-27T17:33:35.348508
b06f23b2-fdee-4b70-ac5e-a8513a4dee94,SEKAWAN LIMO 2: GUNUNG KLAWIH,cinepolis,,7a5e33ac-ba36-4c3f-bd38-0f7f00a79a1d,COMEDY,2h 2m,13+,2D,2026-05-28,670b16ea-d616-448c-bbf8-d3efcfe9e868,2026-05-27T17:33:34.004947
b06f23b2-fdee-4b70-ac5e-a8513a4dee94,CHILDREN OF HEAVEN,cinepolis,,0ae5ff7b-e255-45b6-a488-c0feb89dc653,DRAMA,1h 37m,SU,2D,2026-05-28,b22d540d-f259-46d2-a915-5454a843b845,2026-05-27T17:33:34.005829
b06f23b2-fdee-4b70-ac5e-a8513a4dee94,BADUT GENDONG,cinepolis,,3c747edf-0b24-47d3-a687-cce565db1452,HORROR,1h 41m,D17+,2D,2026-05-28,10206460-8d2a-4f29-ae51-058b99226265,2026-05-27T17:33:34.007088
b06f23b2-fdee-4b70-ac5e-a8513a4dee94,TUMBAL PROYEK,cinepolis,,0b14c075-63cc-4a3b-b0a7-a3578ae1590b,HORROR,1h 46m,D17+,2D,2026-05-28,d9e04354-8d9f-4dfb-a488-a44e2eebb057,2026-05-27T17:33:34.008056
b06f23b2-fdee-4b70-ac5e-a8513a4dee94,SEMUA AKAN BAIK-BAIK SAJA,cinepolis,,cae94e25-4386-417b-8bdf-0dea2d0b0c71,DRAMA,1h 53m,13+,2D,2026-05-28,1672846c-e5ab-40f9-9b0e-a13af21cc73a,2026-05-27T17:33:36.770438
b06f23b2-fdee-4b70-ac5e-a8513a4dee94,GUDANG MERICA,cinepolis,,0e87a4c9-10fb-496b-b0a4-4d60d71c222d,COMEDY,1h 38m,D17+,2D,2026-05-28,0ef04a48-f3e4-4035-ad50-020097d8a4d4,2026-05-27T17:33:37.777834
b06f23b2-fdee-4b70-ac5e-a8513a4dee94,STAR WARS: THE MANDALORIAN AND GROGU,cinepolis,,488b0e44-9328-4660-827f-bf3341602b6d,FANTASY,2h 12m,13+,2D,2026-05-28,1c506be4-5c91-45fe-8b04-e496b70e6852,2026-05-27T17:33:39.954518
b06f23b2-fdee-4b70-ac5e-a8513a4dee94,YANG LAIN BOLEH HILANG ASAL KAU JANGAN,cinepolis,,ff59e4ab-92e1-4aa6-bfd8-ab6521930738,DRAMA,1h 53m,13+,2D,2026-05-28,c93826ef-3145-4589-ad9f-3199e33724a7,2026-05-27T17:33:41.906949
5b3d0557-8416-4209-b27a-d82a890bce35,SEKAWAN LIMO 2: GUNUNG KLAWIH,cinepolis,,7a5e33ac-ba36-4c3f-bd38-0f7f00a79a1d,COMEDY,2h 2m,13+,2D,2026-05-28,08bee5b8-d463-41d9-9e5d-91d458c6d186,2026-05-27T17:33:40.156223
5b3d0557-8416-4209-b27a-d82a890bce35,CHILDREN OF HEAVEN,cinepolis,,0ae5ff7b-e255-45b6-a488-c0feb89dc653,DRAMA,1h 37m,SU,2D,2026-05-28,2b7e785f-9505-4598-a0de-4a6e62343b77,2026-05-27T17:33:40.157476
5b3d0557-8416-4209-b27a-d82a890bce35,TUMBAL PROYEK,cinepolis,,0b14c075-63cc-4a3b-b0a7-a3578ae1590b,HORROR,1h 46m,D17+,2D,2026-05-28,fbc95444-3f8c-4af8-99ac-05c7865c4b2f,2026-05-27T17:33:40.158479
5b3d0557-8416-4209-b27a-d82a890bce35,PASSENGER,cinepolis,,f99ed192-5c3c-4e8c-b507-05e2d244ecfd,HORROR,1h 34m,D17+,2D,2026-05-28,5183a79e-d492-4cac-ad25-21a33b2b6dfe,2026-05-27T17:33:40.160179
5b3d0557-8416-4209-b27a-d82a890bce35,SEMUA AKAN BAIK-BAIK SAJA,cinepolis,,cae94e25-4386-417b-8bdf-0dea2d0b0c71,DRAMA,1h 53m,13+,2D,2026-05-28,8353277b-cd2d-4f0f-b857-efb01f142f6a,2026-05-27T17:33:40.161626
5b3d0557-8416-4209-b27a-d82a890bce35,GUDANG MERICA,cinepolis,,0e87a4c9-10fb-496b-b0a4-4d60d71c222d,COMEDY,1h 38m,D17+,2D,2026-05-28,20f0eb11-be76-4d5e-b2e8-8eba67bae78c,2026-05-27T17:33:40.162692
5b3d0557-8416-4209-b27a-d82a890bce35,STAR WARS: THE MANDALORIAN AND GROGU,cinepolis,,488b0e44-9328-4660-827f-bf3341602b6d,FANTASY,2h 12m,13+,2D,2026-05-28,d6b0c871-4841-4562-b7f0-a7cdbd3fe359,2026-05-27T17:33:40.164533
5b3d0557-8416-4209-b27a-d82a890bce35,GHOST IN THE CELL,cinepolis,,1859bb5f-f638-4a41-854c-a114f6f8a608,HORROR,1h 46m,D17+,2D,2026-05-28,16987a7e-babe-4f8c-802c-2480658784b4,2026-05-27T17:33:42.388284
50d76941-a11f-44b6-8ac9-ef51a380dea2,SEKAWAN LIMO 2: GUNUNG KLAWIH,cinepolis,,7a5e33ac-ba36-4c3f-bd38-0f7f00a79a1d,COMEDY,2h 2m,13+,2D,2026-05-28,058e054b-ce1e-4aad-8ada-4e4aaff7a110,2026-05-27T17:33:45.509185
50d76941-a11f-44b6-8ac9-ef51a380dea2,CHILDREN OF HEAVEN,cinepolis,,0ae5ff7b-e255-45b6-a488-c0feb89dc653,DRAMA,1h 37m,SU,2D,2026-05-28,ca86751d-b32c-4372-af4e-d51ea058f92a,2026-05-27T17:33:45.510310
50d76941-a11f-44b6-8ac9-ef51a380dea2,BADUT GENDONG,cinepolis,,3c747edf-0b24-47d3-a687-cce565db1452,HORROR,1h 41m,D17+,2D,2026-05-28,1b3569b1-a971-495a-be75-7ae560c56550,2026-05-27T17:33:45.511362
50d76941-a11f-44b6-8ac9-ef51a380dea2,TUMBAL PROYEK,cinepolis,,0b14c075-63cc-4a3b-b0a7-a3578ae1590b,HORROR,1h 46m,D17+,2D,2026-05-28,69d383de-930d-4ca7-9738-6e10ae93daae,2026-05-27T17:33:45.512393
891d6596-fe72-4436-aa71-e1b1c2b23efe,SEKAWAN LIMO 2: GUNUNG KLAWIH,cinepolis,,7a5e33ac-ba36-4c3f-bd38-0f7f00a79a1d,COMEDY,2h 2m,13+,2D,2026-05-28,72c07790-54a6-4eb0-9058-ca2b889d9798,2026-05-27T17:33:51.707962
891d6596-fe72-4436-aa71-e1b1c2b23efe,CHILDREN OF HEAVEN,cinepolis,,0ae5ff7b-e255-45b6-a488-c0feb89dc653,DRAMA,1h 37m,SU,2D,2026-05-28,ef2bd346-889b-4b38-bc32-47dee4bbc354,2026-05-27T17:33:51.709361
891d6596-fe72-4436-aa71-e1b1c2b23efe,BADUT GENDONG,cinepolis,,3c747edf-0b24-47d3-a687-cce565db1452,HORROR,1h 41m,D17+,2D,2026-05-28,3375447b-3700-42eb-9b1f-f241ba01e55b,2026-05-27T17:33:51.711828
891d6596-fe72-4436-aa71-e1b1c2b23efe,TUMBAL PROYEK,cinepolis,,0b14c075-63cc-4a3b-b0a7-a3578ae1590b,HORROR,1h 46m,D17+,2D,2026-05-28,ef5cb09e-3117-4a30-9492-313c9b47af39,2026-05-27T17:33:51.713295
891d6596-fe72-4436-aa71-e1b1c2b23efe,SEMUA AKAN BAIK-BAIK SAJA,cinepolis,,cae94e25-4386-417b-8bdf-0dea2d0b0c71,DRAMA,1h 53m,13+,2D,2026-05-28,ee4398b4-5527-4031-9d13-416df817ad3b,2026-05-27T17:33:51.714379
891d6596-fe72-4436-aa71-e1b1c2b23efe,GUDANG MERICA,cinepolis,,0e87a4c9-10fb-496b-b0a4-4d60d71c222d,COMEDY,1h 38m,D17+,2D,2026-05-28,77f96273-1cb4-4db9-878e-c2b2df75aa66,2026-05-27T17:33:51.715479
9e52b85d-3b4c-4617-bfe8-23bb3be542b5,SEKAWAN LIMO 2: GUNUNG KLAWIH,cinepolis,,7a5e33ac-ba36-4c3f-bd38-0f7f00a79a1d,COMEDY,2h 2m,13+,2D,2026-05-28,01830d40-71f2-4d8d-a6a9-d3cb28a971a4,2026-05-27T17:33:57.118685
9e52b85d-3b4c-4617-bfe8-23bb3be542b5,CHILDREN OF HEAVEN,cinepolis,,0ae5ff7b-e255-45b6-a488-c0feb89dc653,DRAMA,1h 37m,SU,2D,2026-05-28,13d85c26-702b-4299-8c67-a75c42e7cb95,2026-05-27T17:33:57.119776
9e52b85d-3b4c-4617-bfe8-23bb3be542b5,BADUT GENDONG,cinepolis,,3c747edf-0b24-47d3-a687-cce565db1452,HORROR,1h 41m,D17+,2D,2026-05-28,a2ab8864-a66b-4e75-a25a-3f23b2fdaccd,2026-05-27T17:33:57.120516
9e52b85d-3b4c-4617-bfe8-23bb3be542b5,TUMBAL PROYEK,cinepolis,,0b14c075-63cc-4a3b-b0a7-a3578ae1590b,HORROR,1h 46m,D17+,2D,2026-05-28,2e54476a-1766-4457-a882-c51287412390,2026-05-27T17:33:57.121237
9e52b85d-3b4c-4617-bfe8-23bb3be542b5,PASSENGER,cinepolis,,f99ed192-5c3c-4e8c-b507-05e2d244ecfd,HORROR,1h 34m,D17+,2D,2026-05-28,89f78c0d-2580-4bad-bfba-628e9897bb8f,2026-05-27T17:33:57.122028
9e52b85d-3b4c-4617-bfe8-23bb3be542b5,SEMUA AKAN BAIK-BAIK SAJA,cinepolis,,cae94e25-4386-417b-8bdf-0dea2d0b0c71,DRAMA,1h 53m,13+,2D,2026-05-28,077f2b98-3f69-4e52-8b7f-e0691035f3f1,2026-05-27T17:33:57.125958
9e52b85d-3b4c-4617-bfe8-23bb3be542b5,GUDANG MERICA,cinepolis,,0e87a4c9-10fb-496b-b0a4-4d60d71c222d,COMEDY,1h 38m,D17+,2D,2026-05-28,d67eba24-05c8-4b8a-832f-411998647f81,2026-05-27T17:33:57.128487
5ed8b442-1e29-4d1c-b463-c6e882cd12c2,SEKAWAN LIMO 2: GUNUNG KLAWIH,cinepolis,,7a5e33ac-ba36-4c3f-bd38-0f7f00a79a1d,COMEDY,2h 2m,13+,2D,2026-05-28,a8bc4cf1-0fea-441b-890e-6644e7000312,2026-05-27T17:34:02.584366
5ed8b442-1e29-4d1c-b463-c6e882cd12c2,CHILDREN OF HEAVEN,cinepolis,,0ae5ff7b-e255-45b6-a488-c0feb89dc653,DRAMA,1h 37m,SU,2D,2026-05-28,d461fec1-9048-4c72-b2e9-0b089a7a0cdf,2026-05-27T17:34:02.585715
5ed8b442-1e29-4d1c-b463-c6e882cd12c2,TUMBAL PROYEK,cinepolis,,0b14c075-63cc-4a3b-b0a7-a3578ae1590b,HORROR,1h 46m,D17+,2D,2026-05-28,4b46a501-b256-4ce2-a0a9-bb428238f3cf,2026-05-27T17:34:02.586653
5ed8b442-1e29-4d1c-b463-c6e882cd12c2,SEMUA AKAN BAIK-BAIK SAJA,cinepolis,,cae94e25-4386-417b-8bdf-0dea2d0b0c71,DRAMA,1h 53m,13+,2D,2026-05-28,3dfed40f-4e5d-47f8-9677-b8bbcc9bfeec,2026-05-27T17:34:02.587961
5ed8b442-1e29-4d1c-b463-c6e882cd12c2,GUDANG MERICA,cinepolis,,0e87a4c9-10fb-496b-b0a4-4d60d71c222d,COMEDY,1h 38m,D17+,2D,2026-05-28,f96b1582-3f31-433a-82df-2e2eaab05e27,2026-05-27T17:34:02.589068
43e9d900-8b52-4032-b82e-45ed9d140d35,SEKAWAN LIMO 2: GUNUNG KLAWIH,cinepolis,,7a5e33ac-ba36-4c3f-bd38-0f7f00a79a1d,COMEDY,2h 2m,13+,2D,2026-05-28,137d29f2-ac5e-47db-8777-569329a9b511,2026-05-27T17:34:08.611013
43e9d900-8b52-4032-b82e-45ed9d140d35,CHILDREN OF HEAVEN,cinepolis,,0ae5ff7b-e255-45b6-a488-c0feb89dc653,DRAMA,1h 37m,SU,2D,2026-05-28,ff575618-0062-4cd3-a218-f2204b033385,2026-05-27T17:34:08.611916
43e9d900-8b52-4032-b82e-45ed9d140d35,BADUT GENDONG,cinepolis,,3c747edf-0b24-47d3-a687-cce565db1452,HORROR,1h 41m,D17+,2D,2026-05-28,4f5ea4a7-f616-4da4-893c-f52f33253be7,2026-05-27T17:34:08.614259
43e9d900-8b52-4032-b82e-45ed9d140d35,TUMBAL PROYEK,cinepolis,,0b14c075-63cc-4a3b-b0a7-a3578ae1590b,HORROR,1h 46m,D17+,2D,2026-05-28,565fb898-2fa9-4458-80e7-0b953de5e678,2026-05-27T17:34:08.614968
43e9d900-8b52-4032-b82e-45ed9d140d35,PASSENGER,cinepolis,,f99ed192-5c3c-4e8c-b507-05e2d244ecfd,HORROR,1h 34m,D17+,2D,2026-05-28,523a3eb7-7a12-4240-b30e-62b29167c680,2026-05-27T17:34:08.615645
53c1197c-0012-4c8f-8579-de558b4c40b9,SEKAWAN LIMO 2: GUNUNG KLAWIH,cinepolis,,7a5e33ac-ba36-4c3f-bd38-0f7f00a79a1d,COMEDY,2h 2m,13+,2D,2026-05-28,22b9891e-372c-4d66-bc8f-ad74351d466f,2026-05-27T17:34:13.916942
53c1197c-0012-4c8f-8579-de558b4c40b9,CHILDREN OF HEAVEN,cinepolis,,0ae5ff7b-e255-45b6-a488-c0feb89dc653,DRAMA,1h 37m,SU,2D,2026-05-28,f7c61192-944a-4978-ac4e-d95f327e1ab2,2026-05-27T17:34:13.918712
53c1197c-0012-4c8f-8579-de558b4c40b9,BADUT GENDONG,cinepolis,,3c747edf-0b24-47d3-a687-cce565db1452,HORROR,1h 41m,D17+,2D,2026-05-28,5043da19-3f23-447c-984a-faca2d835e9d,2026-05-27T17:34:13.919471
53c1197c-0012-4c8f-8579-de558b4c40b9,TUMBAL PROYEK,cinepolis,,0b14c075-63cc-4a3b-b0a7-a3578ae1590b,HORROR,1h 46m,D17+,2D,2026-05-28,c8dc2005-6b14-4d70-a68f-289dfc99ffba,2026-05-27T17:34:13.920150
53c1197c-0012-4c8f-8579-de558b4c40b9,PASSENGER,cinepolis,,f99ed192-5c3c-4e8c-b507-05e2d244ecfd,HORROR,1h 34m,D17+,2D,2026-05-28,1fb051e7-7a6a-4798-b15f-119b22a226ad,2026-05-27T17:34:13.921635
53c1197c-0012-4c8f-8579-de558b4c40b9,SEMUA AKAN BAIK-BAIK SAJA,cinepolis,,cae94e25-4386-417b-8bdf-0dea2d0b0c71,DRAMA,1h 53m,13+,2D,2026-05-28,17129afd-73ca-4c6f-8e6a-aa5146a2e83d,2026-05-27T17:34:13.922745
53c1197c-0012-4c8f-8579-de558b4c40b9,GUDANG MERICA,cinepolis,,0e87a4c9-10fb-496b-b0a4-4d60d71c222d,COMEDY,1h 38m,D17+,2D,2026-05-28,5c97d554-fb18-4d60-b341-59e81ea63dff,2026-05-27T17:34:13.923533
53c1197c-0012-4c8f-8579-de558b4c40b9,STAR WARS: THE MANDALORIAN AND GROGU,cinepolis,,488b0e44-9328-4660-827f-bf3341602b6d,FANTASY,2h 12m,13+,2D,2026-05-28,176f9344-0e27-4968-bd9c-4da4e3070e03,2026-05-27T17:34:13.924229
53c1197c-0012-4c8f-8579-de558b4c40b9,SUAMIKU LUKAKU,cinepolis,,f3e0cc94-be0d-4b52-8559-e87edeb75793,DRAMA,1h 32m,D17+,2D,2026-05-28,c074ba1d-2eae-4d71-b039-45055f78c7d9,2026-05-27T17:34:14.326191
53c1197c-0012-4c8f-8579-de558b4c40b9,GHOST IN THE CELL,cinepolis,,1859bb5f-f638-4a41-854c-a114f6f8a608,HORROR,1h 46m,D17+,2D,2026-05-28,78f5b12d-bb9a-467c-aa0a-633a8f0b3f8b,2026-05-27T17:34:14.328077
b3307e7d-3f97-4205-ae4d-ecacb3a84970,SEKAWAN LIMO 2: GUNUNG KLAWIH,cinepolis,,7a5e33ac-ba36-4c3f-bd38-0f7f00a79a1d,COMEDY,2h 2m,13+,2D,2026-05-28,6b2fb8d5-f0de-434a-a970-b5985d34cdc8,2026-05-27T17:34:20.032212
b3307e7d-3f97-4205-ae4d-ecacb3a84970,CHILDREN OF HEAVEN,cinepolis,,0ae5ff7b-e255-45b6-a488-c0feb89dc653,DRAMA,1h 37m,SU,2D,2026-05-28,c306e3e7-9223-4066-85dc-3d46450c56c9,2026-05-27T17:34:20.033329
b3307e7d-3f97-4205-ae4d-ecacb3a84970,TUMBAL PROYEK,cinepolis,,0b14c075-63cc-4a3b-b0a7-a3578ae1590b,HORROR,1h 46m,D17+,2D,2026-05-28,167a46f1-1085-4863-87a3-366f538e2670,2026-05-27T17:34:20.034579
b3307e7d-3f97-4205-ae4d-ecacb3a84970,SEMUA AKAN BAIK-BAIK SAJA,cinepolis,,cae94e25-4386-417b-8bdf-0dea2d0b0c71,DRAMA,1h 53m,13+,2D,2026-05-28,21d98201-f6d0-4455-bcc9-d64da31f1df8,2026-05-27T17:34:20.035470
b3307e7d-3f97-4205-ae4d-ecacb3a84970,SUAMIKU LUKAKU,cinepolis,,f3e0cc94-be0d-4b52-8559-e87edeb75793,DRAMA,1h 32m,D17+,2D,2026-05-28,ad30fca8-fd3e-4bc5-9fbe-4133bb34e9e5,2026-05-27T17:34:20.036526
bfbc1c34-e65c-48ce-b979-b861ae0466fe,SEKAWAN LIMO 2: GUNUNG KLAWIH,cinepolis,,7a5e33ac-ba36-4c3f-bd38-0f7f00a79a1d,COMEDY,2h 2m,13+,2D,2026-05-28,bd9e1762-8eaa-4392-8638-a4deb116532d,2026-05-27T17:34:25.388941
bfbc1c34-e65c-48ce-b979-b861ae0466fe,CHILDREN OF HEAVEN,cinepolis,,0ae5ff7b-e255-45b6-a488-c0feb89dc653,DRAMA,1h 37m,SU,2D,2026-05-28,a8d99db8-cdbf-42c9-9106-c1f8f08df45c,2026-05-27T17:34:25.390313
bfbc1c34-e65c-48ce-b979-b861ae0466fe,TUMBAL PROYEK,cinepolis,,0b14c075-63cc-4a3b-b0a7-a3578ae1590b,HORROR,1h 46m,D17+,2D,2026-05-28,8d8e3fa0-3f2f-465c-aa05-f9e260f35b56,2026-05-27T17:34:25.392483
bfbc1c34-e65c-48ce-b979-b861ae0466fe,PASSENGER,cinepolis,,f99ed192-5c3c-4e8c-b507-05e2d244ecfd,HORROR,1h 34m,D17+,2D,2026-05-28,c86c4f44-c668-4219-ba96-6b8c3cd710fa,2026-05-27T17:34:25.393518
bfbc1c34-e65c-48ce-b979-b861ae0466fe,SEMUA AKAN BAIK-BAIK SAJA,cinepolis,,cae94e25-4386-417b-8bdf-0dea2d0b0c71,DRAMA,1h 53m,13+,2D,2026-05-28,dadc8741-2e50-48d9-93bc-188925075186,2026-05-27T17:34:25.395148
bfbc1c34-e65c-48ce-b979-b861ae0466fe,STAR WARS: THE MANDALORIAN AND GROGU,cinepolis,,488b0e44-9328-4660-827f-bf3341602b6d,FANTASY,2h 12m,13+,2D,2026-05-28,247124ab-bf73-441c-8dc3-c6917c7a04f1,2026-05-27T17:34:25.400933
bfbc1c34-e65c-48ce-b979-b861ae0466fe,HOKUM,cinepolis,,6eb5558d-edd2-45f7-a295-6a10c7c57aaf,HORROR,1h 47m,13+,2D,2026-05-28,a3c3be51-fbe0-4f5c-9e94-abd39ec19614,2026-05-27T17:34:26.433563
ddb49f4d-fce2-42ff-9e7d-aa789004b841,SEKAWAN LIMO 2: GUNUNG KLAWIH,cinepolis,,7a5e33ac-ba36-4c3f-bd38-0f7f00a79a1d,COMEDY,2h 2m,13+,2D,2026-05-28,c44800e8-d544-4578-b651-272d4775009a,2026-05-27T17:34:31.567493
ddb49f4d-fce2-42ff-9e7d-aa789004b841,CHILDREN OF HEAVEN,cinepolis,,0ae5ff7b-e255-45b6-a488-c0feb89dc653,DRAMA,1h 37m,SU,2D,2026-05-28,44feb47c-ef9b-480c-9359-0bd3a14adb06,2026-05-27T17:34:31.568713
ddb49f4d-fce2-42ff-9e7d-aa789004b841,TUMBAL PROYEK,cinepolis,,0b14c075-63cc-4a3b-b0a7-a3578ae1590b,HORROR,1h 46m,D17+,2D,2026-05-28,c2b3af32-b443-4baa-9aa6-3930846a8ca9,2026-05-27T17:34:31.569580
ddb49f4d-fce2-42ff-9e7d-aa789004b841,PASSENGER,cinepolis,,f99ed192-5c3c-4e8c-b507-05e2d244ecfd,HORROR,1h 34m,D17+,2D,2026-05-28,f1231b98-9b01-48f2-ba11-c3f178529e1e,2026-05-27T17:34:31.571820
ddb49f4d-fce2-42ff-9e7d-aa789004b841,SEMUA AKAN BAIK-BAIK SAJA,cinepolis,,cae94e25-4386-417b-8bdf-0dea2d0b0c71,DRAMA,1h 53m,13+,2D,2026-05-28,2f078967-49b9-4266-a38c-3b7a87282885,2026-05-27T17:34:31.572698
ddb49f4d-fce2-42ff-9e7d-aa789004b841,GUDANG MERICA,cinepolis,,0e87a4c9-10fb-496b-b0a4-4d60d71c222d,COMEDY,1h 38m,D17+,2D,2026-05-28,5d1b652e-8f03-4603-8873-4dfc42cd2b86,2026-05-27T17:34:31.573789
ddb49f4d-fce2-42ff-9e7d-aa789004b841,STAR WARS: THE MANDALORIAN AND GROGU,cinepolis,,488b0e44-9328-4660-827f-bf3341602b6d,FANTASY,2h 12m,13+,2D,2026-05-28,d6b2d8d3-1bea-4b31-b1dd-de3e85289065,2026-05-27T17:34:31.575080
9bed380d-1a02-41a7-b587-cdc60a3febc4,SEKAWAN LIMO 2: GUNUNG KLAWIH,cinepolis,,7a5e33ac-ba36-4c3f-bd38-0f7f00a79a1d,COMEDY,2h 2m,13+,2D,2026-05-28,116ca3f6-59c8-44d4-a93d-76209deccb5c,2026-05-27T17:34:37.642422
9bed380d-1a02-41a7-b587-cdc60a3febc4,CHILDREN OF HEAVEN,cinepolis,,0ae5ff7b-e255-45b6-a488-c0feb89dc653,DRAMA,1h 37m,SU,2D,2026-05-28,e3cd24b4-161d-4cfa-a357-8b27a683dbab,2026-05-27T17:34:37.643443
9bed380d-1a02-41a7-b587-cdc60a3febc4,BADUT GENDONG,cinepolis,,3c747edf-0b24-47d3-a687-cce565db1452,HORROR,1h 41m,D17+,2D,2026-05-28,ca1a9c09-ede4-4e21-8eda-469e52f14805,2026-05-27T17:34:37.645055
9bed380d-1a02-41a7-b587-cdc60a3febc4,TUMBAL PROYEK,cinepolis,,0b14c075-63cc-4a3b-b0a7-a3578ae1590b,HORROR,1h 46m,D17+,2D,2026-05-28,d92e33d1-526b-4b3e-b4ca-0ee854770360,2026-05-27T17:34:37.646318
9bed380d-1a02-41a7-b587-cdc60a3febc4,PASSENGER,cinepolis,,f99ed192-5c3c-4e8c-b507-05e2d244ecfd,HORROR,1h 34m,D17+,2D,2026-05-28,75bf9894-ac12-4de8-84f5-5ce0962e6c70,2026-05-27T17:34:37.647696
9bed380d-1a02-41a7-b587-cdc60a3febc4,SEMUA AKAN BAIK-BAIK SAJA,cinepolis,,cae94e25-4386-417b-8bdf-0dea2d0b0c71,DRAMA,1h 53m,13+,2D,2026-05-28,9d81a093-190c-4b15-98c3-c8619f407b9e,2026-05-27T17:34:37.648565
2d7bc0f4-733b-4625-b1f2-9b084c8372ae,SEKAWAN LIMO 2: GUNUNG KLAWIH,cinepolis,,7a5e33ac-ba36-4c3f-bd38-0f7f00a79a1d,COMEDY,2h 2m,13+,2D,2026-05-28,ae99a215-19ac-4aac-b5a2-518d4d92cc1a,2026-05-27T17:34:43.707210
2d7bc0f4-733b-4625-b1f2-9b084c8372ae,CHILDREN OF HEAVEN,cinepolis,,0ae5ff7b-e255-45b6-a488-c0feb89dc653,DRAMA,1h 37m,SU,2D,2026-05-28,f08a0ad1-fc61-4d20-af36-cceefce7823e,2026-05-27T17:34:43.708594
2d7bc0f4-733b-4625-b1f2-9b084c8372ae,TUMBAL PROYEK,cinepolis,,0b14c075-63cc-4a3b-b0a7-a3578ae1590b,HORROR,1h 46m,D17+,2D,2026-05-28,2820705e-dee7-4236-a453-824a97cfbfaa,2026-05-27T17:34:43.709728
2d7bc0f4-733b-4625-b1f2-9b084c8372ae,PASSENGER,cinepolis,,f99ed192-5c3c-4e8c-b507-05e2d244ecfd,HORROR,1h 34m,D17+,2D,2026-05-28,8de357f8-e096-43a1-89e1-6e28793526bd,2026-05-27T17:34:43.710620
2d7bc0f4-733b-4625-b1f2-9b084c8372ae,SEMUA AKAN BAIK-BAIK SAJA,cinepolis,,cae94e25-4386-417b-8bdf-0dea2d0b0c71,DRAMA,1h 53m,13+,2D,2026-05-28,71320d72-cfae-4aa0-b7e1-1af61bec695a,2026-05-27T17:34:43.711566
2d7bc0f4-733b-4625-b1f2-9b084c8372ae,GUDANG MERICA,cinepolis,,0e87a4c9-10fb-496b-b0a4-4d60d71c222d,COMEDY,1h 38m,D17+,2D,2026-05-28,4b5ab2ac-0e59-4268-910d-a001cd197045,2026-05-27T17:34:43.712439
2d7bc0f4-733b-4625-b1f2-9b084c8372ae,STAR WARS: THE MANDALORIAN AND GROGU,cinepolis,,488b0e44-9328-4660-827f-bf3341602b6d,FANTASY,2h 12m,13+,2D,2026-05-28,f47cb9ec-f76d-4ba6-aaf4-7ff5ba465483,2026-05-27T17:34:43.713280
2d7bc0f4-733b-4625-b1f2-9b084c8372ae,"AYAH, INI ARAHNYA KEMANA, YA?",cinepolis,,47fccbc0-f843-4918-ad66-28fcef4aa048,DRAMA,1h 43m,13+,2D,2026-05-28,ed1003ca-752d-4834-93ea-d25be92f6ddd,2026-05-27T17:34:44.608917
2d7bc0f4-733b-4625-b1f2-9b084c8372ae,THE KING`S WARDEN,cinepolis,,65881b59-8a2d-43fe-b61c-5d8b58e2b312,DRAMA,1h 57m,13+,2D,2026-05-28,969d6c31-8d27-4919-868b-59045598df17,2026-05-27T17:34:45.960641
0c3cfa9b-9de0-405d-b8ae-9f9d43c61191,SEKAWAN LIMO 2: GUNUNG KLAWIH,cinepolis,,7a5e33ac-ba36-4c3f-bd38-0f7f00a79a1d,COMEDY,2h 2m,13+,2D,2026-05-28,ca0c241e-ac6b-4b6f-945a-e0ca0d8d0807,2026-05-27T17:34:48.982308
0c3cfa9b-9de0-405d-b8ae-9f9d43c61191,CHILDREN OF HEAVEN,cinepolis,,0ae5ff7b-e255-45b6-a488-c0feb89dc653,DRAMA,1h 37m,SU,2D,2026-05-28,03b0f0f1-8b96-439a-80ae-abf5adce9d08,2026-05-27T17:34:48.983851
0c3cfa9b-9de0-405d-b8ae-9f9d43c61191,BADUT GENDONG,cinepolis,,3c747edf-0b24-47d3-a687-cce565db1452,HORROR,1h 41m,D17+,2D,2026-05-28,db05406a-dde4-4cb7-bbc0-ef12d1a56053,2026-05-27T17:34:48.986141
0c3cfa9b-9de0-405d-b8ae-9f9d43c61191,TUMBAL PROYEK,cinepolis,,0b14c075-63cc-4a3b-b0a7-a3578ae1590b,HORROR,1h 46m,D17+,2D,2026-05-28,a76d8ae8-21f3-439b-94ef-80b4d8834b70,2026-05-27T17:34:48.987279
9931cafc-d6e5-4a97-b26f-9e1aa60f5467,SEKAWAN LIMO 2: GUNUNG KLAWIH,cinepolis,,7a5e33ac-ba36-4c3f-bd38-0f7f00a79a1d,COMEDY,2h 2m,13+,2D,2026-05-28,5f24526a-1f52-4ff1-bb8b-e024425a3fd7,2026-05-27T17:34:55.069303
9931cafc-d6e5-4a97-b26f-9e1aa60f5467,CHILDREN OF HEAVEN,cinepolis,,0ae5ff7b-e255-45b6-a488-c0feb89dc653,DRAMA,1h 37m,SU,2D,2026-05-28,b721ba54-cc4a-4fd1-90a3-0f22bf99c55d,2026-05-27T17:34:55.070720
9931cafc-d6e5-4a97-b26f-9e1aa60f5467,TUMBAL PROYEK,cinepolis,,0b14c075-63cc-4a3b-b0a7-a3578ae1590b,HORROR,1h 46m,D17+,2D,2026-05-28,f881e908-2826-466a-9131-cf7177e68826,2026-05-27T17:34:55.071739
9931cafc-d6e5-4a97-b26f-9e1aa60f5467,SEMUA AKAN BAIK-BAIK SAJA,cinepolis,,cae94e25-4386-417b-8bdf-0dea2d0b0c71,DRAMA,1h 53m,13+,2D,2026-05-28,6f5d0f45-f7e0-4738-947d-1617baecdc62,2026-05-27T17:34:55.073900
e3d491d3-1dd8-4aff-8a42-166ca72151b2,SEKAWAN LIMO 2: GUNUNG KLAWIH,cinepolis,,7a5e33ac-ba36-4c3f-bd38-0f7f00a79a1d,COMEDY,2h 2m,13+,2D,2026-05-28,0cd2c062-f1a4-4ee7-a0e4-7a53f0923c6d,2026-05-27T17:35:01.136646
e3d491d3-1dd8-4aff-8a42-166ca72151b2,CHILDREN OF HEAVEN,cinepolis,,0ae5ff7b-e255-45b6-a488-c0feb89dc653,DRAMA,1h 37m,SU,2D,2026-05-28,5354e4b6-25ca-45c4-ad4c-288fdc7b059f,2026-05-27T17:35:01.137358
e3d491d3-1dd8-4aff-8a42-166ca72151b2,BADUT GENDONG,cinepolis,,3c747edf-0b24-47d3-a687-cce565db1452,HORROR,1h 41m,D17+,2D,2026-05-28,90413fa5-efc3-40dc-a74d-f823c96b1810,2026-05-27T17:35:01.138255
e3d491d3-1dd8-4aff-8a42-166ca72151b2,TUMBAL PROYEK,cinepolis,,0b14c075-63cc-4a3b-b0a7-a3578ae1590b,HORROR,1h 46m,D17+,2D,2026-05-28,449f38a5-94b8-4a04-bf3e-dff657cbd3cd,2026-05-27T17:35:01.138866
e3d491d3-1dd8-4aff-8a42-166ca72151b2,PASSENGER,cinepolis,,f99ed192-5c3c-4e8c-b507-05e2d244ecfd,HORROR,1h 34m,D17+,2D,2026-05-28,bd731967-f0ff-4477-93c4-ec2920934d47,2026-05-27T17:35:01.139688
e3d491d3-1dd8-4aff-8a42-166ca72151b2,STAR WARS: THE MANDALORIAN AND GROGU,cinepolis,,488b0e44-9328-4660-827f-bf3341602b6d,FANTASY,2h 12m,13+,2D,2026-05-28,a2d04a1a-5a39-4e70-91e9-155d77d6acc4,2026-05-27T17:35:01.140520
e3d491d3-1dd8-4aff-8a42-166ca72151b2,GOHAN,cinepolis,,15718ddd-e8db-449b-9313-73b98733d485,DRAMA,2h 20m,SU,2D,2026-05-28,58102094-06c3-4380-a917-19fe16dddacf,2026-05-27T17:35:02.381635
e3d491d3-1dd8-4aff-8a42-166ca72151b2,HOKUM,cinepolis,,6eb5558d-edd2-45f7-a295-6a10c7c57aaf,HORROR,1h 47m,13+,2D,2026-05-28,21826e32-e119-4c37-b366-6efa81caddb3,2026-05-27T17:35:02.382316
e3d491d3-1dd8-4aff-8a42-166ca72151b2,PEGASUS 3,cinepolis,,8f125633-ac6b-459d-afbc-d1a0e529da32,ACTION,2h 6m,13+,2D,2026-05-28,b7d0728c-fffc-4b71-b3e1-9c1f9a690148,2026-05-27T17:35:03.360620
7288419f-c240-43f4-934c-46e650fd648f,SEKAWAN LIMO 2: GUNUNG KLAWIH,cinepolis,,7a5e33ac-ba36-4c3f-bd38-0f7f00a79a1d,COMEDY,2h 2m,13+,2D,2026-05-28,8c570946-2937-4944-926f-864dab306d01,2026-05-27T17:35:06.555467
7288419f-c240-43f4-934c-46e650fd648f,CHILDREN OF HEAVEN,cinepolis,,0ae5ff7b-e255-45b6-a488-c0feb89dc653,DRAMA,1h 37m,SU,2D,2026-05-28,1185fbb1-6ab4-49c6-bccd-3abbcfdb6919,2026-05-27T17:35:06.556580
7288419f-c240-43f4-934c-46e650fd648f,PASSENGER,cinepolis,,f99ed192-5c3c-4e8c-b507-05e2d244ecfd,HORROR,1h 34m,D17+,2D,2026-05-28,dafee53b-b3c3-4047-876b-e14a4284dfed,2026-05-27T17:35:06.557856
7288419f-c240-43f4-934c-46e650fd648f,STAR WARS: THE MANDALORIAN AND GROGU,cinepolis,,488b0e44-9328-4660-827f-bf3341602b6d,FANTASY,2h 12m,13+,2D,2026-05-28,504f5440-fa66-4d7d-b965-75f5053c4a6f,2026-05-27T17:35:06.559060
7288419f-c240-43f4-934c-46e650fd648f,GOHAN,cinepolis,,15718ddd-e8db-449b-9313-73b98733d485,DRAMA,2h 20m,SU,2D,2026-05-28,16a02634-0d22-4dee-be8a-770283f199ca,2026-05-27T17:35:06.560266
7288419f-c240-43f4-934c-46e650fd648f,GHOST IN THE CELL,cinepolis,,1859bb5f-f638-4a41-854c-a114f6f8a608,HORROR,1h 46m,D17+,2D,2026-05-28,d4a5d4f7-ef5a-4954-a80c-189f77fe1239,2026-05-27T17:35:06.561880
7288419f-c240-43f4-934c-46e650fd648f,HOKUM,cinepolis,,6eb5558d-edd2-45f7-a295-6a10c7c57aaf,HORROR,1h 47m,13+,2D,2026-05-28,3f8f3f51-90f4-4304-aa9d-2b7749d3e06b,2026-05-27T17:35:06.562796
65f76bd4-fe73-4e3f-974f-2e4a03dc3dca,SEKAWAN LIMO 2: GUNUNG KLAWIH,cinepolis,,7a5e33ac-ba36-4c3f-bd38-0f7f00a79a1d,COMEDY,2h 2m,13+,2D,2026-05-28,c8e09792-1758-4d2c-aef8-a6626aa0422b,2026-05-27T17:35:11.817647
65f76bd4-fe73-4e3f-974f-2e4a03dc3dca,CHILDREN OF HEAVEN,cinepolis,,0ae5ff7b-e255-45b6-a488-c0feb89dc653,DRAMA,1h 37m,SU,2D,2026-05-28,69d61169-fc20-4f1e-890d-491c93f7959e,2026-05-27T17:35:11.818960
65f76bd4-fe73-4e3f-974f-2e4a03dc3dca,TUMBAL PROYEK,cinepolis,,0b14c075-63cc-4a3b-b0a7-a3578ae1590b,HORROR,1h 46m,D17+,2D,2026-05-28,9e215bde-7a71-4c44-9eb3-88c698f50eaf,2026-05-27T17:35:11.819990
65f76bd4-fe73-4e3f-974f-2e4a03dc3dca,SUAMIKU LUKAKU,cinepolis,,f3e0cc94-be0d-4b52-8559-e87edeb75793,DRAMA,1h 32m,D17+,2D,2026-05-28,f9d1cdd6-c6a6-482e-ae8e-fc93f4796448,2026-05-27T17:35:11.821225
71d043b7-21f4-4a43-bb7a-93b702a9e551,SEKAWAN LIMO 2: GUNUNG KLAWIH,cinepolis,,7a5e33ac-ba36-4c3f-bd38-0f7f00a79a1d,COMEDY,2h 2m,13+,2D,2026-05-28,be3aa8e6-c1b0-42f9-b181-97581ce8f174,2026-05-27T17:35:17.932130
71d043b7-21f4-4a43-bb7a-93b702a9e551,CHILDREN OF HEAVEN,cinepolis,,0ae5ff7b-e255-45b6-a488-c0feb89dc653,DRAMA,1h 37m,SU,2D,2026-05-28,37f47022-e119-4dde-b6b5-b01fb66584a6,2026-05-27T17:35:17.932898
71d043b7-21f4-4a43-bb7a-93b702a9e551,BADUT GENDONG,cinepolis,,3c747edf-0b24-47d3-a687-cce565db1452,HORROR,1h 41m,D17+,2D,2026-05-28,07253d7e-0222-453b-969f-f9590b7e9a4d,2026-05-27T17:35:17.933576
71d043b7-21f4-4a43-bb7a-93b702a9e551,TUMBAL PROYEK,cinepolis,,0b14c075-63cc-4a3b-b0a7-a3578ae1590b,HORROR,1h 46m,D17+,2D,2026-05-28,55197f77-c688-4c45-8d9d-2bf418de7af5,2026-05-27T17:35:17.935096
71d043b7-21f4-4a43-bb7a-93b702a9e551,SEMUA AKAN BAIK-BAIK SAJA,cinepolis,,cae94e25-4386-417b-8bdf-0dea2d0b0c71,DRAMA,1h 53m,13+,2D,2026-05-28,860da189-c925-4237-8ee4-ce7bbb2319f8,2026-05-27T17:35:17.938063
947d8350-783b-40a0-9a02-e5ab7ace31f9,SEKAWAN LIMO 2: GUNUNG KLAWIH,cinepolis,,7a5e33ac-ba36-4c3f-bd38-0f7f00a79a1d,COMEDY,2h 2m,13+,2D,2026-05-28,65d854a4-2cce-45e5-a83c-420bec1db992,2026-05-27T17:35:24.064594
947d8350-783b-40a0-9a02-e5ab7ace31f9,CHILDREN OF HEAVEN,cinepolis,,0ae5ff7b-e255-45b6-a488-c0feb89dc653,DRAMA,1h 37m,SU,2D,2026-05-28,6ccab4ce-5ddc-4b93-933a-c420b20799fd,2026-05-27T17:35:24.065849
947d8350-783b-40a0-9a02-e5ab7ace31f9,TUMBAL PROYEK,cinepolis,,0b14c075-63cc-4a3b-b0a7-a3578ae1590b,HORROR,1h 46m,D17+,2D,2026-05-28,dea5234f-e5f8-4711-898a-8e32fc2bf590,2026-05-27T17:35:24.066586
947d8350-783b-40a0-9a02-e5ab7ace31f9,PASSENGER,cinepolis,,f99ed192-5c3c-4e8c-b507-05e2d244ecfd,HORROR,1h 34m,D17+,2D,2026-05-28,911f5ab7-ec74-4c67-91f6-6d5b985177d3,2026-05-27T17:35:24.067556
947d8350-783b-40a0-9a02-e5ab7ace31f9,SEMUA AKAN BAIK-BAIK SAJA,cinepolis,,cae94e25-4386-417b-8bdf-0dea2d0b0c71,DRAMA,1h 53m,13+,2D,2026-05-28,fc932e06-3f10-45fb-8760-0e80cbe3d152,2026-05-27T17:35:24.068896
947d8350-783b-40a0-9a02-e5ab7ace31f9,GUDANG MERICA,cinepolis,,0e87a4c9-10fb-496b-b0a4-4d60d71c222d,COMEDY,1h 38m,D17+,2D,2026-05-28,eca01b90-643a-4526-bcbf-978944f5d999,2026-05-27T17:35:24.069757
947d8350-783b-40a0-9a02-e5ab7ace31f9,STAR WARS: THE MANDALORIAN AND GROGU,cinepolis,,488b0e44-9328-4660-827f-bf3341602b6d,FANTASY,2h 12m,13+,2D,2026-05-28,0bf99d10-02c1-4428-8952-2c05e0ffd796,2026-05-27T17:35:24.070380
947d8350-783b-40a0-9a02-e5ab7ace31f9,GOHAN,cinepolis,,15718ddd-e8db-449b-9313-73b98733d485,DRAMA,2h 20m,SU,2D,2026-05-28,dd9a5d8d-5dbb-4d69-b9cf-6309eb94ad29,2026-05-27T17:35:24.071245
947d8350-783b-40a0-9a02-e5ab7ace31f9,MORTAL KOMBAT II,cinepolis,,420e1f44-2534-4ed9-9d6f-84cf6406d5a8,ACTION,1h 56m,D17+,2D,2026-05-28,96d2aba6-d4c7-4e14-86e1-c887e26b8f33,2026-05-27T17:35:24.568668
947d8350-783b-40a0-9a02-e5ab7ace31f9,THE KING`S WARDEN,cinepolis,,65881b59-8a2d-43fe-b61c-5d8b58e2b312,DRAMA,1h 57m,13+,2D,2026-05-28,9dd02d21-aef4-423c-900e-6906b6c3b484,2026-05-27T17:35:24.569406
947d8350-783b-40a0-9a02-e5ab7ace31f9,THE DEVIL WEARS PRADA 2,cinepolis,,97d5d4ac-9e2f-476f-a0ee-729bdefb04b1,COMEDY,1h 59m,13+,2D,2026-05-28,50316ac4-4528-400d-9335-e5265517862a,2026-05-27T17:35:26.287809
a5030add-09b9-49af-9f18-4e0b992cb570,SEKAWAN LIMO 2: GUNUNG KLAWIH,cinepolis,,7a5e33ac-ba36-4c3f-bd38-0f7f00a79a1d,COMEDY,2h 2m,13+,2D,2026-05-28,3c521fe2-61f1-45da-ab9a-3da6b5335243,2026-05-27T17:35:29.325916
a5030add-09b9-49af-9f18-4e0b992cb570,CHILDREN OF HEAVEN,cinepolis,,0ae5ff7b-e255-45b6-a488-c0feb89dc653,DRAMA,1h 37m,SU,2D,2026-05-28,fd5f3e05-9ce6-4613-a579-8fed04a1a3ea,2026-05-27T17:35:29.328011
a5030add-09b9-49af-9f18-4e0b992cb570,BADUT GENDONG,cinepolis,,3c747edf-0b24-47d3-a687-cce565db1452,HORROR,1h 41m,D17+,2D,2026-05-28,5d565ec7-c805-4361-b08e-356968e6d424,2026-05-27T17:35:29.330027
a5030add-09b9-49af-9f18-4e0b992cb570,TUMBAL PROYEK,cinepolis,,0b14c075-63cc-4a3b-b0a7-a3578ae1590b,HORROR,1h 46m,D17+,2D,2026-05-28,f19d09fc-6a91-420d-a3e0-77535fcc3a6f,2026-05-27T17:35:29.331423
a5030add-09b9-49af-9f18-4e0b992cb570,PASSENGER,cinepolis,,f99ed192-5c3c-4e8c-b507-05e2d244ecfd,HORROR,1h 34m,D17+,2D,2026-05-28,f6c2ba89-a7f6-4046-b252-221b7c8570fd,2026-05-27T17:35:29.332448
a5030add-09b9-49af-9f18-4e0b992cb570,SEMUA AKAN BAIK-BAIK SAJA,cinepolis,,cae94e25-4386-417b-8bdf-0dea2d0b0c71,DRAMA,1h 53m,13+,2D,2026-05-28,092b8423-a645-434b-95e2-8657354c5817,2026-05-27T17:35:29.333521
a5030add-09b9-49af-9f18-4e0b992cb570,GUDANG MERICA,cinepolis,,0e87a4c9-10fb-496b-b0a4-4d60d71c222d,COMEDY,1h 38m,D17+,2D,2026-05-28,47550c70-4bce-413b-a1dc-a53a62c139ac,2026-05-27T17:35:29.334532
34202675-0519-4390-8dfc-078d2d373932,SEKAWAN LIMO 2: GUNUNG KLAWIH,cinepolis,,7a5e33ac-ba36-4c3f-bd38-0f7f00a79a1d,COMEDY,2h 2m,13+,2D,2026-05-28,2af3071f-3bb0-470d-9b2a-c1d6a2ac8a6b,2026-05-27T17:35:34.637134
34202675-0519-4390-8dfc-078d2d373932,CHILDREN OF HEAVEN,cinepolis,,0ae5ff7b-e255-45b6-a488-c0feb89dc653,DRAMA,1h 37m,SU,2D,2026-05-28,34d86ce4-b053-4c8f-a795-ddd6b01ea11a,2026-05-27T17:35:34.638415
34202675-0519-4390-8dfc-078d2d373932,BADUT GENDONG,cinepolis,,3c747edf-0b24-47d3-a687-cce565db1452,HORROR,1h 41m,D17+,2D,2026-05-28,c5022323-087f-4e32-a751-01da6e2bb464,2026-05-27T17:35:34.639486
34202675-0519-4390-8dfc-078d2d373932,TUMBAL PROYEK,cinepolis,,0b14c075-63cc-4a3b-b0a7-a3578ae1590b,HORROR,1h 46m,D17+,2D,2026-05-28,5db22ce1-5a13-4aa6-81cf-0353568a1e23,2026-05-27T17:35:34.640521
34202675-0519-4390-8dfc-078d2d373932,PASSENGER,cinepolis,,f99ed192-5c3c-4e8c-b507-05e2d244ecfd,HORROR,1h 34m,D17+,2D,2026-05-28,02042ba8-4955-4720-a263-e7dd6f4a8b98,2026-05-27T17:35:34.641515
34202675-0519-4390-8dfc-078d2d373932,SEMUA AKAN BAIK-BAIK SAJA,cinepolis,,cae94e25-4386-417b-8bdf-0dea2d0b0c71,DRAMA,1h 53m,13+,2D,2026-05-28,f397b5dc-e4f7-4f71-90fd-369295a810b8,2026-05-27T17:35:34.642696
34202675-0519-4390-8dfc-078d2d373932,GUDANG MERICA,cinepolis,,0e87a4c9-10fb-496b-b0a4-4d60d71c222d,COMEDY,1h 38m,D17+,2D,2026-05-28,9f77a24f-0202-4c18-a9ef-3fbf68c5d103,2026-05-27T17:35:34.643695
34202675-0519-4390-8dfc-078d2d373932,SUAMIKU LUKAKU,cinepolis,,f3e0cc94-be0d-4b52-8559-e87edeb75793,DRAMA,1h 32m,D17+,2D,2026-05-28,47759467-b48b-4efd-8771-889318fb5498,2026-05-27T17:35:34.644873
c644b63e-7b65-47ad-bc77-61b8f430c96d,SEKAWAN LIMO 2: GUNUNG KLAWIH,cinepolis,,7a5e33ac-ba36-4c3f-bd38-0f7f00a79a1d,COMEDY,2h 2m,13+,2D,2026-05-28,49c26dfc-265a-4d77-8394-d9f6e4cadd23,2026-05-27T17:35:39.898350
c644b63e-7b65-47ad-bc77-61b8f430c96d,CHILDREN OF HEAVEN,cinepolis,,0ae5ff7b-e255-45b6-a488-c0feb89dc653,DRAMA,1h 37m,SU,2D,2026-05-28,e2696353-ef7a-43ee-8e9d-4e45a24472cd,2026-05-27T17:35:39.901191
c644b63e-7b65-47ad-bc77-61b8f430c96d,BADUT GENDONG,cinepolis,,3c747edf-0b24-47d3-a687-cce565db1452,HORROR,1h 41m,D17+,2D,2026-05-28,9f8920a8-057f-43d8-a0f8-c7ddedeaf192,2026-05-27T17:35:39.902527
c644b63e-7b65-47ad-bc77-61b8f430c96d,TUMBAL PROYEK,cinepolis,,0b14c075-63cc-4a3b-b0a7-a3578ae1590b,HORROR,1h 46m,D17+,2D,2026-05-28,82137587-19ae-4678-a58d-592b56f390fd,2026-05-27T17:35:39.903566
c644b63e-7b65-47ad-bc77-61b8f430c96d,PASSENGER,cinepolis,,f99ed192-5c3c-4e8c-b507-05e2d244ecfd,HORROR,1h 34m,D17+,2D,2026-05-28,aef0bc94-06c1-4a81-b010-e6c324cccbe5,2026-05-27T17:35:39.904840
c644b63e-7b65-47ad-bc77-61b8f430c96d,GUDANG MERICA,cinepolis,,0e87a4c9-10fb-496b-b0a4-4d60d71c222d,COMEDY,1h 38m,D17+,2D,2026-05-28,fc6c3e6d-ad98-4337-9de1-e25123788623,2026-05-27T17:35:39.905848
4dbdd27e-2dae-422d-8d4c-6c692cb44a91,SEKAWAN LIMO 2: GUNUNG KLAWIH,cinepolis,,7a5e33ac-ba36-4c3f-bd38-0f7f00a79a1d,COMEDY,2h 2m,13+,2D,2026-05-28,e3424767-e8d0-4797-9476-ea378c05c7d5,2026-05-27T17:35:46.028574
4dbdd27e-2dae-422d-8d4c-6c692cb44a91,CHILDREN OF HEAVEN,cinepolis,,0ae5ff7b-e255-45b6-a488-c0feb89dc653,DRAMA,1h 37m,SU,2D,2026-05-28,b610bafe-05f7-42d7-8bf3-ceb613d82e1b,2026-05-27T17:35:46.029294
4dbdd27e-2dae-422d-8d4c-6c692cb44a91,BADUT GENDONG,cinepolis,,3c747edf-0b24-47d3-a687-cce565db1452,HORROR,1h 41m,D17+,2D,2026-05-28,3b576ccd-0722-4c83-a319-71e67671ca0f,2026-05-27T17:35:46.030066
4dbdd27e-2dae-422d-8d4c-6c692cb44a91,TUMBAL PROYEK,cinepolis,,0b14c075-63cc-4a3b-b0a7-a3578ae1590b,HORROR,1h 46m,D17+,2D,2026-05-28,2ecc9450-9b37-4a67-84e2-0c5f1cf8d55d,2026-05-27T17:35:46.030989
4dbdd27e-2dae-422d-8d4c-6c692cb44a91,SEMUA AKAN BAIK-BAIK SAJA,cinepolis,,cae94e25-4386-417b-8bdf-0dea2d0b0c71,DRAMA,1h 53m,13+,2D,2026-05-28,8c3c71bb-b2cc-4197-8531-59f2254581ab,2026-05-27T17:35:46.032125
4dbdd27e-2dae-422d-8d4c-6c692cb44a91,STAR WARS: THE MANDALORIAN AND GROGU,cinepolis,,488b0e44-9328-4660-827f-bf3341602b6d,FANTASY,2h 12m,13+,2D,2026-05-28,7b4bd4ea-0e38-4b79-ad4a-5a02c512d1a1,2026-05-27T17:35:46.033052
4dbdd27e-2dae-422d-8d4c-6c692cb44a91,SUAMIKU LUKAKU,cinepolis,,f3e0cc94-be0d-4b52-8559-e87edeb75793,DRAMA,1h 32m,D17+,2D,2026-05-28,37df9567-9341-4d6e-86f7-ad15b9ca2f44,2026-05-27T17:35:46.033680
4dbdd27e-2dae-422d-8d4c-6c692cb44a91,GHOST IN THE CELL,cinepolis,,1859bb5f-f638-4a41-854c-a114f6f8a608,HORROR,1h 46m,D17+,2D,2026-05-28,1ecb878c-feb3-4ab2-9463-fce289692c88,2026-05-27T17:35:46.034696
c5175d65-1d7f-4f1c-a2ae-8e7caba4a142,SEKAWAN LIMO 2: GUNUNG KLAWIH,cinepolis,,7a5e33ac-ba36-4c3f-bd38-0f7f00a79a1d,COMEDY,2h 2m,13+,2D,2026-05-28,a821e3ef-3f7f-45c7-b2c4-e0b373649321,2026-05-27T17:35:52.085053
c5175d65-1d7f-4f1c-a2ae-8e7caba4a142,CHILDREN OF HEAVEN,cinepolis,,0ae5ff7b-e255-45b6-a488-c0feb89dc653,DRAMA,1h 37m,SU,2D,2026-05-28,7d0ff699-409b-4871-9ab9-53db56d5ca09,2026-05-27T17:35:52.086162
c5175d65-1d7f-4f1c-a2ae-8e7caba4a142,BADUT GENDONG,cinepolis,,3c747edf-0b24-47d3-a687-cce565db1452,HORROR,1h 41m,D17+,2D,2026-05-28,14c71748-b9ad-4245-abbf-781b6f27d2eb,2026-05-27T17:35:52.087880
c5175d65-1d7f-4f1c-a2ae-8e7caba4a142,TUMBAL PROYEK,cinepolis,,0b14c075-63cc-4a3b-b0a7-a3578ae1590b,HORROR,1h 46m,D17+,2D,2026-05-28,d784e0f7-b4c9-4b48-8ed6-54e10d66306c,2026-05-27T17:35:52.089340
c5175d65-1d7f-4f1c-a2ae-8e7caba4a142,GUDANG MERICA,cinepolis,,0e87a4c9-10fb-496b-b0a4-4d60d71c222d,COMEDY,1h 38m,D17+,2D,2026-05-28,788b21a1-f7a5-4177-b52f-f138c5558b29,2026-05-27T17:35:52.090284
e49025de-d0ed-420f-98ac-2f1e7de731eb,SEKAWAN LIMO 2: GUNUNG KLAWIH,cinepolis,,7a5e33ac-ba36-4c3f-bd38-0f7f00a79a1d,COMEDY,2h 2m,13+,2D,2026-05-28,ba7478de-db82-4d8c-879a-7be64c26263b,2026-05-27T17:35:57.386685
e49025de-d0ed-420f-98ac-2f1e7de731eb,CHILDREN OF HEAVEN,cinepolis,,0ae5ff7b-e255-45b6-a488-c0feb89dc653,DRAMA,1h 37m,SU,2D,2026-05-28,6098cdb8-565b-4b66-af94-955cd067fb85,2026-05-27T17:35:57.387552
e49025de-d0ed-420f-98ac-2f1e7de731eb,BADUT GENDONG,cinepolis,,3c747edf-0b24-47d3-a687-cce565db1452,HORROR,1h 41m,D17+,2D,2026-05-28,3a718069-8c25-48fe-a931-5ae86dd4bfe1,2026-05-27T17:35:57.388343
e49025de-d0ed-420f-98ac-2f1e7de731eb,TUMBAL PROYEK,cinepolis,,0b14c075-63cc-4a3b-b0a7-a3578ae1590b,HORROR,1h 46m,D17+,2D,2026-05-28,ac965640-a1df-4572-8561-e146544cbc57,2026-05-27T17:35:57.389075
e49025de-d0ed-420f-98ac-2f1e7de731eb,PASSENGER,cinepolis,,f99ed192-5c3c-4e8c-b507-05e2d244ecfd,HORROR,1h 34m,D17+,2D,2026-05-28,001acbd9-3e1a-4f60-8242-191d15ff63cf,2026-05-27T17:35:57.389814
e49025de-d0ed-420f-98ac-2f1e7de731eb,SEMUA AKAN BAIK-BAIK SAJA,cinepolis,,cae94e25-4386-417b-8bdf-0dea2d0b0c71,DRAMA,1h 53m,13+,2D,2026-05-28,4741ac62-94de-4461-acdb-b6c36ef4c58d,2026-05-27T17:35:57.390631
e49025de-d0ed-420f-98ac-2f1e7de731eb,STAR WARS: THE MANDALORIAN AND GROGU,cinepolis,,488b0e44-9328-4660-827f-bf3341602b6d,FANTASY,2h 12m,13+,2D,2026-05-28,6e692882-da79-43ec-a39a-f05af9f4554f,2026-05-27T17:35:57.391319
e49025de-d0ed-420f-98ac-2f1e7de731eb,SUAMIKU LUKAKU,cinepolis,,f3e0cc94-be0d-4b52-8559-e87edeb75793,DRAMA,1h 32m,D17+,2D,2026-05-28,6044821b-8c68-4fee-b90b-3fe3aab302b9,2026-05-27T17:35:57.392039
e49025de-d0ed-420f-98ac-2f1e7de731eb,YANG LAIN BOLEH HILANG ASAL KAU JANGAN,cinepolis,,ff59e4ab-92e1-4aa6-bfd8-ab6521930738,DRAMA,1h 53m,13+,2D,2026-05-28,99349d40-9d0e-406c-a683-c74bfc838c89,2026-05-27T17:35:57.392750
b980e140-3ec9-4c7c-ae9d-49fcd8bb2c4e,SEKAWAN LIMO 2: GUNUNG KLAWIH,cinepolis,,7a5e33ac-ba36-4c3f-bd38-0f7f00a79a1d,COMEDY,2h 2m,13+,2D,2026-05-28,9e812371-dfc3-43c9-9b6f-c2195c9a1e8a,2026-05-27T17:36:03.421554
b980e140-3ec9-4c7c-ae9d-49fcd8bb2c4e,CHILDREN OF HEAVEN,cinepolis,,0ae5ff7b-e255-45b6-a488-c0feb89dc653,DRAMA,1h 37m,SU,2D,2026-05-28,6547b6ad-a895-4569-ac25-11e43f21583c,2026-05-27T17:36:03.423087
b980e140-3ec9-4c7c-ae9d-49fcd8bb2c4e,BADUT GENDONG,cinepolis,,3c747edf-0b24-47d3-a687-cce565db1452,HORROR,1h 41m,D17+,2D,2026-05-28,0ee04e91-9a34-4977-a739-edc25edf73f6,2026-05-27T17:36:03.423965
b980e140-3ec9-4c7c-ae9d-49fcd8bb2c4e,TUMBAL PROYEK,cinepolis,,0b14c075-63cc-4a3b-b0a7-a3578ae1590b,HORROR,1h 46m,D17+,2D,2026-05-28,b67b0b6c-951d-43d4-8bb8-ebe7d6fd3219,2026-05-27T17:36:03.424830
b980e140-3ec9-4c7c-ae9d-49fcd8bb2c4e,SEMUA AKAN BAIK-BAIK SAJA,cinepolis,,cae94e25-4386-417b-8bdf-0dea2d0b0c71,DRAMA,1h 53m,13+,2D,2026-05-28,965e954d-df2c-4528-92c8-397d17b63b60,2026-05-27T17:36:03.425702
b980e140-3ec9-4c7c-ae9d-49fcd8bb2c4e,"AYAH, INI ARAHNYA KEMANA, YA?",cinepolis,,47fccbc0-f843-4918-ad66-28fcef4aa048,DRAMA,1h 43m,13+,2D,2026-05-28,26437bf7-4eb2-44d7-9aa2-526aeb29a1e1,2026-05-27T17:36:03.426523
dcc8acc0-9c3d-42a0-8410-3edf7a30ebbd,SEKAWAN LIMO 2: GUNUNG KLAWIH,cinepolis,,7a5e33ac-ba36-4c3f-bd38-0f7f00a79a1d,COMEDY,2h 2m,13+,2D,2026-05-28,2e18b2a4-2001-42e3-a268-b38f544e2835,2026-05-27T17:36:08.709151
dcc8acc0-9c3d-42a0-8410-3edf7a30ebbd,CHILDREN OF HEAVEN,cinepolis,,0ae5ff7b-e255-45b6-a488-c0feb89dc653,DRAMA,1h 37m,SU,2D,2026-05-28,7d326894-1e6b-4c2b-a0fa-59d718a628da,2026-05-27T17:36:08.710177
dcc8acc0-9c3d-42a0-8410-3edf7a30ebbd,BADUT GENDONG,cinepolis,,3c747edf-0b24-47d3-a687-cce565db1452,HORROR,1h 41m,D17+,2D,2026-05-28,64aa1c79-d101-4b6e-bd31-c1be9801a183,2026-05-27T17:36:08.711136
dcc8acc0-9c3d-42a0-8410-3edf7a30ebbd,TUMBAL PROYEK,cinepolis,,0b14c075-63cc-4a3b-b0a7-a3578ae1590b,HORROR,1h 46m,D17+,2D,2026-05-28,a2460586-bae3-40c6-a1d4-a9b215e5456c,2026-05-27T17:36:08.712058
dcc8acc0-9c3d-42a0-8410-3edf7a30ebbd,PASSENGER,cinepolis,,f99ed192-5c3c-4e8c-b507-05e2d244ecfd,HORROR,1h 34m,D17+,2D,2026-05-28,06dc8875-f24b-4b8b-8144-c08df74053e6,2026-05-27T17:36:08.713320
dcc8acc0-9c3d-42a0-8410-3edf7a30ebbd,SEMUA AKAN BAIK-BAIK SAJA,cinepolis,,cae94e25-4386-417b-8bdf-0dea2d0b0c71,DRAMA,1h 53m,13+,2D,2026-05-28,957ede71-321d-4396-9c5a-b31bef63e391,2026-05-27T17:36:08.714209
dcc8acc0-9c3d-42a0-8410-3edf7a30ebbd,STAR WARS: THE MANDALORIAN AND GROGU,cinepolis,,488b0e44-9328-4660-827f-bf3341602b6d,FANTASY,2h 12m,13+,2D,2026-05-28,4eb880c9-de84-4bdc-b5da-b0b782ce5e49,2026-05-27T17:36:08.715135
dcc8acc0-9c3d-42a0-8410-3edf7a30ebbd,GOHAN,cinepolis,,15718ddd-e8db-449b-9313-73b98733d485,DRAMA,2h 20m,SU,2D,2026-05-28,95562b19-02d4-4f98-91a3-63b6148909c2,2026-05-27T17:36:08.716209
dcc8acc0-9c3d-42a0-8410-3edf7a30ebbd,MORTAL KOMBAT II,cinepolis,,420e1f44-2534-4ed9-9d6f-84cf6406d5a8,ACTION,1h 56m,D17+,2D,2026-05-28,51ef47b3-cad4-4eec-9320-913c80abe9dd,2026-05-27T17:36:08.717145
dcc8acc0-9c3d-42a0-8410-3edf7a30ebbd,THE SHEEP DETECTIVES,cinepolis,,71865891-a162-4fb5-bcc1-eda6d7edf3e9,COMEDY,1h 49m,SU,2D,2026-05-28,bc4d534d-0dcb-4bdb-b875-661af0631fdb,2026-05-27T17:36:09.685922
440ade26-322b-48fc-af37-5b4c934a43e2,SEKAWAN LIMO 2: GUNUNG KLAWIH,cinepolis,,7a5e33ac-ba36-4c3f-bd38-0f7f00a79a1d,COMEDY,2h 2m,13+,2D,2026-05-28,d65a169b-9785-4d1f-9d26-35073f3ffe28,2026-05-27T17:36:13.994902
440ade26-322b-48fc-af37-5b4c934a43e2,CHILDREN OF HEAVEN,cinepolis,,0ae5ff7b-e255-45b6-a488-c0feb89dc653,DRAMA,1h 37m,SU,2D,2026-05-28,ae86953d-b4d8-4e1a-97f1-198cb8b5bf55,2026-05-27T17:36:13.995946
440ade26-322b-48fc-af37-5b4c934a43e2,TUMBAL PROYEK,cinepolis,,0b14c075-63cc-4a3b-b0a7-a3578ae1590b,HORROR,1h 46m,D17+,2D,2026-05-28,7eb0ed11-2a21-42b7-b295-49926e1c916b,2026-05-27T17:36:13.997750
440ade26-322b-48fc-af37-5b4c934a43e2,PASSENGER,cinepolis,,f99ed192-5c3c-4e8c-b507-05e2d244ecfd,HORROR,1h 34m,D17+,2D,2026-05-28,f1a2f1b1-cd3b-4f0c-a4dd-7216b52d9305,2026-05-27T17:36:13.998691
440ade26-322b-48fc-af37-5b4c934a43e2,SEMUA AKAN BAIK-BAIK SAJA,cinepolis,,cae94e25-4386-417b-8bdf-0dea2d0b0c71,DRAMA,1h 53m,13+,2D,2026-05-28,8a92d3ad-0dca-44e7-9431-e980bb320057,2026-05-27T17:36:14.000231
440ade26-322b-48fc-af37-5b4c934a43e2,STAR WARS: THE MANDALORIAN AND GROGU,cinepolis,,488b0e44-9328-4660-827f-bf3341602b6d,FANTASY,2h 12m,13+,2D,2026-05-28,119c35ad-dcd7-4206-ab45-26e32fc60a4f,2026-05-27T17:36:14.001732
440ade26-322b-48fc-af37-5b4c934a43e2,MORTAL KOMBAT II,cinepolis,,420e1f44-2534-4ed9-9d6f-84cf6406d5a8,ACTION,1h 56m,D17+,2D,2026-05-28,484c816b-5536-4c3a-a5ce-8daa808b1a87,2026-05-27T17:36:14.003132
440ade26-322b-48fc-af37-5b4c934a43e2,SUNSHINE WOMEN`S CHOIR,cinepolis,,33062671-0ce9-4273-90a4-86ac43173ab4,COMEDY,2h 14m,13+,2D,2026-05-28,9f3e9e95-c955-4a96-a869-613810fa7c20,2026-05-27T17:36:14.103959
440ade26-322b-48fc-af37-5b4c934a43e2,PEGASUS 3,cinepolis,,8f125633-ac6b-459d-afbc-d1a0e529da32,ACTION,2h 6m,13+,2D,2026-05-28,8afdd47b-234d-4183-aa85-db3fa26d17a4,2026-05-27T17:36:14.104694
b460ade7-5350-447e-af98-87d14347f820,SEKAWAN LIMO 2: GUNUNG KLAWIH,cinepolis,,7a5e33ac-ba36-4c3f-bd38-0f7f00a79a1d,COMEDY,2h 2m,13+,2D,2026-05-28,cb1162fa-b3bd-4198-9662-8dba573e5d3a,2026-05-27T17:36:19.262833
b460ade7-5350-447e-af98-87d14347f820,CHILDREN OF HEAVEN,cinepolis,,0ae5ff7b-e255-45b6-a488-c0feb89dc653,DRAMA,1h 37m,SU,2D,2026-05-28,158a5c2f-34fb-4d84-acda-ec11091ce9bd,2026-05-27T17:36:19.263819
b460ade7-5350-447e-af98-87d14347f820,TUMBAL PROYEK,cinepolis,,0b14c075-63cc-4a3b-b0a7-a3578ae1590b,HORROR,1h 46m,D17+,2D,2026-05-28,36d75b86-98fd-437e-ad18-52bf71b4541a,2026-05-27T17:36:19.264628
b460ade7-5350-447e-af98-87d14347f820,"AYAH, INI ARAHNYA KEMANA, YA?",cinepolis,,47fccbc0-f843-4918-ad66-28fcef4aa048,DRAMA,1h 43m,13+,2D,2026-05-28,fac41b5d-16aa-43c1-ad51-889a13fa30cf,2026-05-27T17:36:19.265598
3d8d21b0-f693-42f1-a403-00fbe1f75f08,SEKAWAN LIMO 2: GUNUNG KLAWIH,cinepolis,,7a5e33ac-ba36-4c3f-bd38-0f7f00a79a1d,COMEDY,2h 2m,13+,2D,2026-05-28,e52b3ded-6cc1-4b94-8936-8c3c28dcfc7f,2026-05-27T17:36:24.492727
3d8d21b0-f693-42f1-a403-00fbe1f75f08,CHILDREN OF HEAVEN,cinepolis,,0ae5ff7b-e255-45b6-a488-c0feb89dc653,DRAMA,1h 37m,SU,2D,2026-05-28,5a31ae68-6628-4648-a908-58cb468cbe36,2026-05-27T17:36:24.494394
3d8d21b0-f693-42f1-a403-00fbe1f75f08,TUMBAL PROYEK,cinepolis,,0b14c075-63cc-4a3b-b0a7-a3578ae1590b,HORROR,1h 46m,D17+,2D,2026-05-28,a79fe02f-45ee-42af-9082-d468816d9ea9,2026-05-27T17:36:24.495631
3d8d21b0-f693-42f1-a403-00fbe1f75f08,SEMUA AKAN BAIK-BAIK SAJA,cinepolis,,cae94e25-4386-417b-8bdf-0dea2d0b0c71,DRAMA,1h 53m,13+,2D,2026-05-28,8ce06ab2-f144-46fc-aebe-68acbb5ead04,2026-05-27T17:36:24.496562
3d8d21b0-f693-42f1-a403-00fbe1f75f08,GUDANG MERICA,cinepolis,,0e87a4c9-10fb-496b-b0a4-4d60d71c222d,COMEDY,1h 38m,D17+,2D,2026-05-28,2d034426-58c4-4c36-ab66-5f286eef3924,2026-05-27T17:36:24.497477
3d8d21b0-f693-42f1-a403-00fbe1f75f08,STAR WARS: THE MANDALORIAN AND GROGU,cinepolis,,488b0e44-9328-4660-827f-bf3341602b6d,FANTASY,2h 12m,13+,2D,2026-05-28,944c2cbf-12eb-46a9-b0da-449bffa7eb9a,2026-05-27T17:36:24.498160
3d8d21b0-f693-42f1-a403-00fbe1f75f08,SUAMIKU LUKAKU,cinepolis,,f3e0cc94-be0d-4b52-8559-e87edeb75793,DRAMA,1h 32m,D17+,2D,2026-05-28,beb57ca0-4295-4687-89ca-9f21321b82aa,2026-05-27T17:36:24.498827
3d8d21b0-f693-42f1-a403-00fbe1f75f08,MORTAL KOMBAT II,cinepolis,,420e1f44-2534-4ed9-9d6f-84cf6406d5a8,ACTION,1h 56m,D17+,2D,2026-05-28,5f0a711d-ca95-4a48-b4ac-7a288372667e,2026-05-27T17:36:24.499490
3d8d21b0-f693-42f1-a403-00fbe1f75f08,YANG LAIN BOLEH HILANG ASAL KAU JANGAN,cinepolis,,ff59e4ab-92e1-4aa6-bfd8-ab6521930738,DRAMA,1h 53m,13+,2D,2026-05-28,e7f81dfd-54e3-417c-bb23-7d1903f0bbb5,2026-05-27T17:36:24.500101
3d8d21b0-f693-42f1-a403-00fbe1f75f08,THE KING`S WARDEN,cinepolis,,65881b59-8a2d-43fe-b61c-5d8b58e2b312,DRAMA,1h 57m,13+,2D,2026-05-28,8b4f5544-ec3a-4c67-80c7-755c3fbb43c2,2026-05-27T17:36:24.500720
2a6ca7d3-fb46-4989-ad2f-d1d2c9085da3,SEKAWAN LIMO 2: GUNUNG KLAWIH,cinepolis,,7a5e33ac-ba36-4c3f-bd38-0f7f00a79a1d,COMEDY,2h 2m,13+,3D,2026-05-28,29994225-0c07-41e3-8af8-3644a5b9a775,2026-05-27T17:36:29.730617
2a6ca7d3-fb46-4989-ad2f-d1d2c9085da3,SEKAWAN LIMO 2: GUNUNG KLAWIH,cinepolis,,7a5e33ac-ba36-4c3f-bd38-0f7f00a79a1d,COMEDY,2h 2m,13+,2D,2026-05-28,f9a4e080-ce9a-479d-b8e1-cc7cb35b1251,2026-05-27T17:36:29.730688
2a6ca7d3-fb46-4989-ad2f-d1d2c9085da3,CHILDREN OF HEAVEN,cinepolis,,0ae5ff7b-e255-45b6-a488-c0feb89dc653,DRAMA,1h 37m,SU,2D,2026-05-28,ef69263b-8a14-4844-89a5-a4c50c85d31a,2026-05-27T17:36:29.731562
2a6ca7d3-fb46-4989-ad2f-d1d2c9085da3,BADUT GENDONG,cinepolis,,3c747edf-0b24-47d3-a687-cce565db1452,HORROR,1h 41m,D17+,2D,2026-05-28,8d94ce9e-e2dc-4e72-abde-016c37478ab0,2026-05-27T17:36:29.732271
2a6ca7d3-fb46-4989-ad2f-d1d2c9085da3,TUMBAL PROYEK,cinepolis,,0b14c075-63cc-4a3b-b0a7-a3578ae1590b,HORROR,1h 46m,D17+,2D,2026-05-28,10f51cb3-9c47-4b1b-9a96-bd5721a65c07,2026-05-27T17:36:29.732945
2a6ca7d3-fb46-4989-ad2f-d1d2c9085da3,PASSENGER,cinepolis,,f99ed192-5c3c-4e8c-b507-05e2d244ecfd,HORROR,1h 34m,D17+,2D,2026-05-28,a8939e1e-c45c-40a6-b9b7-3a2ba2f1ca15,2026-05-27T17:36:29.733607
2a6ca7d3-fb46-4989-ad2f-d1d2c9085da3,SEMUA AKAN BAIK-BAIK SAJA,cinepolis,,cae94e25-4386-417b-8bdf-0dea2d0b0c71,DRAMA,1h 53m,13+,2D,2026-05-28,937fb6db-2f10-480c-a7db-c60ff9821d1a,2026-05-27T17:36:29.734288
2a6ca7d3-fb46-4989-ad2f-d1d2c9085da3,GUDANG MERICA,cinepolis,,0e87a4c9-10fb-496b-b0a4-4d60d71c222d,COMEDY,1h 38m,D17+,2D,2026-05-28,64cc2a92-022d-45a2-a180-533cc3ca5e32,2026-05-27T17:36:29.734979
2a6ca7d3-fb46-4989-ad2f-d1d2c9085da3,STAR WARS: THE MANDALORIAN AND GROGU,cinepolis,,488b0e44-9328-4660-827f-bf3341602b6d,FANTASY,2h 12m,13+,2D,2026-05-28,9e4ee403-84fe-403f-ae68-ddeb58540cf5,2026-05-27T17:36:29.735624
2a6ca7d3-fb46-4989-ad2f-d1d2c9085da3,MORTAL KOMBAT II,cinepolis,,420e1f44-2534-4ed9-9d6f-84cf6406d5a8,ACTION,1h 56m,D17+,2D,2026-05-28,5edb8ea9-a2e6-4fd3-87dd-231284bfd57f,2026-05-27T17:36:29.736282
2a6ca7d3-fb46-4989-ad2f-d1d2c9085da3,GHOST IN THE CELL,cinepolis,,1859bb5f-f638-4a41-854c-a114f6f8a608,HORROR,1h 46m,D17+,2D,2026-05-28,583f1da4-3f83-43da-874f-6def9fbcce0f,2026-05-27T17:36:29.736936
2a6ca7d3-fb46-4989-ad2f-d1d2c9085da3,HOKUM,cinepolis,,6eb5558d-edd2-45f7-a295-6a10c7c57aaf,HORROR,1h 47m,13+,2D,2026-05-28,fe1a9b5d-b996-4b78-bae3-8aab9a1e692e,2026-05-27T17:36:29.737744
2a6ca7d3-fb46-4989-ad2f-d1d2c9085da3,KELUARGA SUAMI ADALAH HAMA,cinepolis,,6a227c4d-1483-455f-842b-37ab7ddccdc2,DRAMA,1h 57m,13+,2D,2026-05-28,e7ab8535-4e44-4c09-848e-9749f1913589,2026-05-27T17:36:30.231468
8f816799-041b-4fb2-b24c-be3067295df7,SEKAWAN LIMO 2: GUNUNG KLAWIH,cinepolis,,7a5e33ac-ba36-4c3f-bd38-0f7f00a79a1d,COMEDY,2h 2m,13+,2D,2026-05-28,e7c55c07-2656-45b1-bafb-2f32899811ad,2026-05-27T17:36:34.963534
8f816799-041b-4fb2-b24c-be3067295df7,CHILDREN OF HEAVEN,cinepolis,,0ae5ff7b-e255-45b6-a488-c0feb89dc653,DRAMA,1h 37m,SU,2D,2026-05-28,05a4a287-bdbf-42a2-94dd-b126d178be34,2026-05-27T17:36:34.967070
8f816799-041b-4fb2-b24c-be3067295df7,TUMBAL PROYEK,cinepolis,,0b14c075-63cc-4a3b-b0a7-a3578ae1590b,HORROR,1h 46m,D17+,2D,2026-05-28,b4f13193-87c8-424c-b332-3ce70ad74ccc,2026-05-27T17:36:34.968765
8f816799-041b-4fb2-b24c-be3067295df7,PASSENGER,cinepolis,,f99ed192-5c3c-4e8c-b507-05e2d244ecfd,HORROR,1h 34m,D17+,2D,2026-05-28,af2eae25-8a57-4e74-bafd-cdd0ed0f6c22,2026-05-27T17:36:34.970401
8f816799-041b-4fb2-b24c-be3067295df7,SEMUA AKAN BAIK-BAIK SAJA,cinepolis,,cae94e25-4386-417b-8bdf-0dea2d0b0c71,DRAMA,1h 53m,13+,2D,2026-05-28,bcf6ab12-0c1b-45ea-9437-10d4a0030432,2026-05-27T17:36:34.971401
8f816799-041b-4fb2-b24c-be3067295df7,GUDANG MERICA,cinepolis,,0e87a4c9-10fb-496b-b0a4-4d60d71c222d,COMEDY,1h 38m,D17+,2D,2026-05-28,3f5e621b-f5e6-48d8-9cf0-5a50a36e90e1,2026-05-27T17:36:34.973249
8f816799-041b-4fb2-b24c-be3067295df7,STAR WARS: THE MANDALORIAN AND GROGU,cinepolis,,488b0e44-9328-4660-827f-bf3341602b6d,FANTASY,2h 12m,13+,2D,2026-05-28,e5b33126-ad10-4c3d-a686-5bf6e0a85a76,2026-05-27T17:36:34.974808
8f816799-041b-4fb2-b24c-be3067295df7,THE SUPER MARIO GALAXY MOVIE,cinepolis,,4d0f64f0-c009-46e2-bac7-7bb5c43057f8,ANIMATION,1h 38m,SU,2D,2026-05-28,3237088f-dc39-46a4-bb9b-9ec3a2ce733a,2026-05-27T17:36:35.075146
8f816799-041b-4fb2-b24c-be3067295df7,THE SHEEP DETECTIVES,cinepolis,,71865891-a162-4fb5-bcc1-eda6d7edf3e9,COMEDY,1h 49m,SU,2D,2026-05-28,f8af3ce1-9368-4c2f-ac15-cc108f7c36bc,2026-05-27T17:36:35.075866
8f816799-041b-4fb2-b24c-be3067295df7,YANG LAIN BOLEH HILANG ASAL KAU JANGAN,cinepolis,,ff59e4ab-92e1-4aa6-bfd8-ab6521930738,DRAMA,1h 53m,13+,2D,2026-05-28,073ca3b5-5761-4c86-8cb2-7b5eb097486a,2026-05-27T17:36:35.076546
654f1f29-c93d-4af3-bfc2-f16953884d17,SEKAWAN LIMO 2: GUNUNG KLAWIH,cinepolis,,7a5e33ac-ba36-4c3f-bd38-0f7f00a79a1d,COMEDY,2h 2m,13+,2D,2026-05-28,4823d601-c7e4-43d5-921e-ee2bf4e16b1d,2026-05-27T17:36:41.058457
654f1f29-c93d-4af3-bfc2-f16953884d17,CHILDREN OF HEAVEN,cinepolis,,0ae5ff7b-e255-45b6-a488-c0feb89dc653,DRAMA,1h 37m,SU,2D,2026-05-28,e421f172-dce2-48c0-92c4-f8bde7c81640,2026-05-27T17:36:41.059124
654f1f29-c93d-4af3-bfc2-f16953884d17,BADUT GENDONG,cinepolis,,3c747edf-0b24-47d3-a687-cce565db1452,HORROR,1h 41m,D17+,2D,2026-05-28,797b98fc-a91e-4ea8-9bda-2a6f6f457804,2026-05-27T17:36:41.059736
654f1f29-c93d-4af3-bfc2-f16953884d17,TUMBAL PROYEK,cinepolis,,0b14c075-63cc-4a3b-b0a7-a3578ae1590b,HORROR,1h 46m,D17+,2D,2026-05-28,484a4b6e-007e-466a-ac93-070279f9c5ae,2026-05-27T17:36:41.060330
654f1f29-c93d-4af3-bfc2-f16953884d17,PASSENGER,cinepolis,,f99ed192-5c3c-4e8c-b507-05e2d244ecfd,HORROR,1h 34m,D17+,2D,2026-05-28,cbcd4777-14b7-4abf-a7ce-045df2aa14b3,2026-05-27T17:36:41.060887
654f1f29-c93d-4af3-bfc2-f16953884d17,GUDANG MERICA,cinepolis,,0e87a4c9-10fb-496b-b0a4-4d60d71c222d,COMEDY,1h 38m,D17+,2D,2026-05-28,2e19ab33-5672-4141-86f7-a0f46c0f9342,2026-05-27T17:36:41.061424
206b115a-5a8c-40b6-8cad-e24284616b9b,SEKAWAN LIMO 2: GUNUNG KLAWIH,cinepolis,,7a5e33ac-ba36-4c3f-bd38-0f7f00a79a1d,COMEDY,2h 2m,13+,2D,2026-05-28,847fc8ad-9acf-47e0-aaa8-ed36af792dc7,2026-05-27T17:36:47.104107
206b115a-5a8c-40b6-8cad-e24284616b9b,CHILDREN OF HEAVEN,cinepolis,,0ae5ff7b-e255-45b6-a488-c0feb89dc653,DRAMA,1h 37m,SU,2D,2026-05-28,ad7377ac-34d6-43df-9137-7570870681b8,2026-05-27T17:36:47.105967
206b115a-5a8c-40b6-8cad-e24284616b9b,BADUT GENDONG,cinepolis,,3c747edf-0b24-47d3-a687-cce565db1452,HORROR,1h 41m,D17+,2D,2026-05-28,dc2b98eb-7975-4e1c-8f4d-eca18a745469,2026-05-27T17:36:47.107890
206b115a-5a8c-40b6-8cad-e24284616b9b,TUMBAL PROYEK,cinepolis,,0b14c075-63cc-4a3b-b0a7-a3578ae1590b,HORROR,1h 46m,D17+,2D,2026-05-28,3066cf36-505d-4476-8ec5-958043632fd6,2026-05-27T17:36:47.108907
206b115a-5a8c-40b6-8cad-e24284616b9b,PASSENGER,cinepolis,,f99ed192-5c3c-4e8c-b507-05e2d244ecfd,HORROR,1h 34m,D17+,2D,2026-05-28,19f8d187-4883-46e0-b3e0-3ec6e83e8ba4,2026-05-27T17:36:47.110717
206b115a-5a8c-40b6-8cad-e24284616b9b,GUDANG MERICA,cinepolis,,0e87a4c9-10fb-496b-b0a4-4d60d71c222d,COMEDY,1h 38m,D17+,2D,2026-05-28,15150101-aafd-4080-9fc8-c517c33ddb2d,2026-05-27T17:36:47.111367
7a687473-5745-4961-b4d7-511c59e160ec,SEKAWAN LIMO 2: GUNUNG KLAWIH,cinepolis,,7a5e33ac-ba36-4c3f-bd38-0f7f00a79a1d,COMEDY,2h 2m,13+,2D,2026-05-28,4a714e18-0ee6-49e5-bac1-5aaa9a4d37a7,2026-05-27T17:36:53.117454
7a687473-5745-4961-b4d7-511c59e160ec,CHILDREN OF HEAVEN,cinepolis,,0ae5ff7b-e255-45b6-a488-c0feb89dc653,DRAMA,1h 37m,SU,2D,2026-05-28,e09bca13-c5d0-455e-8414-25efbd1d4f1c,2026-05-27T17:36:53.118999
7a687473-5745-4961-b4d7-511c59e160ec,BADUT GENDONG,cinepolis,,3c747edf-0b24-47d3-a687-cce565db1452,HORROR,1h 41m,D17+,2D,2026-05-28,8c26f843-592e-4f97-a189-4c735ff1103e,2026-05-27T17:36:53.120438
7a687473-5745-4961-b4d7-511c59e160ec,TUMBAL PROYEK,cinepolis,,0b14c075-63cc-4a3b-b0a7-a3578ae1590b,HORROR,1h 46m,D17+,2D,2026-05-28,2d5a1278-78ff-4acf-93d6-81139be987fd,2026-05-27T17:36:53.121634
7a687473-5745-4961-b4d7-511c59e160ec,PASSENGER,cinepolis,,f99ed192-5c3c-4e8c-b507-05e2d244ecfd,HORROR,1h 34m,D17+,2D,2026-05-28,83d68e92-8068-401f-803e-af5e2ed334c8,2026-05-27T17:36:53.122657
7a687473-5745-4961-b4d7-511c59e160ec,SEMUA AKAN BAIK-BAIK SAJA,cinepolis,,cae94e25-4386-417b-8bdf-0dea2d0b0c71,DRAMA,1h 53m,13+,2D,2026-05-28,b7e29486-4d55-45e4-be2d-2500e8734193,2026-05-27T17:36:53.123725
125aa81b-f4bb-4480-9982-6eba5a050b53,SEKAWAN LIMO 2: GUNUNG KLAWIH,cinepolis,,7a5e33ac-ba36-4c3f-bd38-0f7f00a79a1d,COMEDY,2h 2m,13+,2D,2026-05-28,fd47cc1e-6956-4f36-8583-807bcdc15352,2026-05-27T17:36:58.440283
125aa81b-f4bb-4480-9982-6eba5a050b53,CHILDREN OF HEAVEN,cinepolis,,0ae5ff7b-e255-45b6-a488-c0feb89dc653,DRAMA,1h 37m,SU,2D,2026-05-28,a7d041d7-29cb-4f81-bf87-7af0f22a35f1,2026-05-27T17:36:58.441048
125aa81b-f4bb-4480-9982-6eba5a050b53,BADUT GENDONG,cinepolis,,3c747edf-0b24-47d3-a687-cce565db1452,HORROR,1h 41m,D17+,2D,2026-05-28,d271a32a-3360-4abb-85ba-1e308a3043e4,2026-05-27T17:36:58.441671
125aa81b-f4bb-4480-9982-6eba5a050b53,TUMBAL PROYEK,cinepolis,,0b14c075-63cc-4a3b-b0a7-a3578ae1590b,HORROR,1h 46m,D17+,2D,2026-05-28,93123507-65e1-44bd-91f8-4d0cd5ad051a,2026-05-27T17:36:58.442240
125aa81b-f4bb-4480-9982-6eba5a050b53,PASSENGER,cinepolis,,f99ed192-5c3c-4e8c-b507-05e2d244ecfd,HORROR,1h 34m,D17+,2D,2026-05-28,d4dbacb0-aac4-4831-8e6e-fe2ed3399d76,2026-05-27T17:36:58.442787
125aa81b-f4bb-4480-9982-6eba5a050b53,SEMUA AKAN BAIK-BAIK SAJA,cinepolis,,cae94e25-4386-417b-8bdf-0dea2d0b0c71,DRAMA,1h 53m,13+,2D,2026-05-28,fd1ec087-f339-42fb-a161-d033c67227ee,2026-05-27T17:36:58.443354
125aa81b-f4bb-4480-9982-6eba5a050b53,GUDANG MERICA,cinepolis,,0e87a4c9-10fb-496b-b0a4-4d60d71c222d,COMEDY,1h 38m,D17+,2D,2026-05-28,ece42fe2-a460-43aa-a52b-44401fca5e11,2026-05-27T17:36:58.443916
125aa81b-f4bb-4480-9982-6eba5a050b53,STAR WARS: THE MANDALORIAN AND GROGU,cinepolis,,488b0e44-9328-4660-827f-bf3341602b6d,FANTASY,2h 12m,13+,2D,2026-05-28,cd055754-1aab-44ee-9a87-97fa1281da63,2026-05-27T17:36:58.444699
125aa81b-f4bb-4480-9982-6eba5a050b53,GHOST IN THE CELL,cinepolis,,1859bb5f-f638-4a41-854c-a114f6f8a608,HORROR,1h 46m,D17+,2D,2026-05-28,4d51904a-a54b-44a1-8099-c949566d2265,2026-05-27T17:36:58.445250
6f5852e3-7883-4ea9-bd96-6c58bede1a73,SEKAWAN LIMO 2: GUNUNG KLAWIH,cinepolis,,7a5e33ac-ba36-4c3f-bd38-0f7f00a79a1d,COMEDY,2h 2m,13+,2D,2026-05-28,daafd27d-d33d-4985-a145-81fb4b9937a4,2026-05-27T17:37:04.424590
6f5852e3-7883-4ea9-bd96-6c58bede1a73,CHILDREN OF HEAVEN,cinepolis,,0ae5ff7b-e255-45b6-a488-c0feb89dc653,DRAMA,1h 37m,SU,2D,2026-05-28,a5ea2b2c-c3b3-45ed-a4ac-45847c36d644,2026-05-27T17:37:04.425962
6f5852e3-7883-4ea9-bd96-6c58bede1a73,BADUT GENDONG,cinepolis,,3c747edf-0b24-47d3-a687-cce565db1452,HORROR,1h 41m,D17+,2D,2026-05-28,0f2b5b2d-0280-4f57-a502-a9ecd9be5a4a,2026-05-27T17:37:04.427223
6f5852e3-7883-4ea9-bd96-6c58bede1a73,TUMBAL PROYEK,cinepolis,,0b14c075-63cc-4a3b-b0a7-a3578ae1590b,HORROR,1h 46m,D17+,2D,2026-05-28,ee46a688-f68c-42dc-819a-8a1789d4c557,2026-05-27T17:37:04.428669
6f5852e3-7883-4ea9-bd96-6c58bede1a73,PASSENGER,cinepolis,,f99ed192-5c3c-4e8c-b507-05e2d244ecfd,HORROR,1h 34m,D17+,2D,2026-05-28,4136a821-238c-49d0-8fc9-5101b99f31d8,2026-05-27T17:37:04.429927
6f5852e3-7883-4ea9-bd96-6c58bede1a73,SEMUA AKAN BAIK-BAIK SAJA,cinepolis,,cae94e25-4386-417b-8bdf-0dea2d0b0c71,DRAMA,1h 53m,13+,2D,2026-05-28,bcfbca72-6c61-425d-b08a-609783b1f5f2,2026-05-27T17:37:04.431142
d150d312-aff1-4626-9627-b54373a32931,SEKAWAN LIMO 2: GUNUNG KLAWIH,cinepolis,,7a5e33ac-ba36-4c3f-bd38-0f7f00a79a1d,COMEDY,2h 2m,13+,2D,2026-05-28,06c9ea6e-6254-4961-a500-caafd2f1acd6,2026-05-27T17:37:09.694182
d150d312-aff1-4626-9627-b54373a32931,CHILDREN OF HEAVEN,cinepolis,,0ae5ff7b-e255-45b6-a488-c0feb89dc653,DRAMA,1h 37m,SU,2D,2026-05-28,e01255a6-e919-4d26-8f3c-d4e67f3ac4db,2026-05-27T17:37:09.695090
d150d312-aff1-4626-9627-b54373a32931,BADUT GENDONG,cinepolis,,3c747edf-0b24-47d3-a687-cce565db1452,HORROR,1h 41m,D17+,2D,2026-05-28,2a319865-7560-43e1-b2db-dabc063a352d,2026-05-27T17:37:09.696784
d150d312-aff1-4626-9627-b54373a32931,TUMBAL PROYEK,cinepolis,,0b14c075-63cc-4a3b-b0a7-a3578ae1590b,HORROR,1h 46m,D17+,2D,2026-05-28,72120501-dd0d-4bb6-8591-74952e3a90bf,2026-05-27T17:37:09.697470
d150d312-aff1-4626-9627-b54373a32931,PASSENGER,cinepolis,,f99ed192-5c3c-4e8c-b507-05e2d244ecfd,HORROR,1h 34m,D17+,2D,2026-05-28,7625aebc-93aa-41db-b059-6d5404d94b75,2026-05-27T17:37:09.698053
d150d312-aff1-4626-9627-b54373a32931,SEMUA AKAN BAIK-BAIK SAJA,cinepolis,,cae94e25-4386-417b-8bdf-0dea2d0b0c71,DRAMA,1h 53m,13+,2D,2026-05-28,4ba3d987-22da-40be-b41d-f916a81e6f3c,2026-05-27T17:37:09.698652
d150d312-aff1-4626-9627-b54373a32931,GUDANG MERICA,cinepolis,,0e87a4c9-10fb-496b-b0a4-4d60d71c222d,COMEDY,1h 38m,D17+,2D,2026-05-28,08306b74-1b9a-4394-ae40-e6da780a577c,2026-05-27T17:37:09.699228
d150d312-aff1-4626-9627-b54373a32931,SUAMIKU LUKAKU,cinepolis,,f3e0cc94-be0d-4b52-8559-e87edeb75793,DRAMA,1h 32m,D17+,2D,2026-05-28,1f208375-0c66-435b-ad63-e42608da269a,2026-05-27T17:37:09.699796
d150d312-aff1-4626-9627-b54373a32931,"AYAH, INI ARAHNYA KEMANA, YA?",cinepolis,,47fccbc0-f843-4918-ad66-28fcef4aa048,DRAMA,1h 43m,13+,2D,2026-05-28,afa64fb5-1978-4168-8e15-54ffc94e3e8e,2026-05-27T17:37:09.700375
f52e4d8f-92a6-467e-965c-dae00503471b,SEKAWAN LIMO 2: GUNUNG KLAWIH,cinepolis,,7a5e33ac-ba36-4c3f-bd38-0f7f00a79a1d,COMEDY,2h 2m,13+,2D,2026-05-28,a5d066f8-bbc0-495b-adc9-2ccd3dde61f4,2026-05-27T17:37:14.984393
f52e4d8f-92a6-467e-965c-dae00503471b,CHILDREN OF HEAVEN,cinepolis,,0ae5ff7b-e255-45b6-a488-c0feb89dc653,DRAMA,1h 37m,SU,2D,2026-05-28,2e4d067e-d3d9-49cd-80bb-373ed8245d2e,2026-05-27T17:37:14.986156
f52e4d8f-92a6-467e-965c-dae00503471b,BADUT GENDONG,cinepolis,,3c747edf-0b24-47d3-a687-cce565db1452,HORROR,1h 41m,D17+,2D,2026-05-28,fd703f86-c423-49db-8cec-5ed4c24445ce,2026-05-27T17:37:14.987240
f52e4d8f-92a6-467e-965c-dae00503471b,TUMBAL PROYEK,cinepolis,,0b14c075-63cc-4a3b-b0a7-a3578ae1590b,HORROR,1h 46m,D17+,2D,2026-05-28,8451cfe4-810d-4ff7-b627-cc361e4f1110,2026-05-27T17:37:14.988246
f52e4d8f-92a6-467e-965c-dae00503471b,PASSENGER,cinepolis,,f99ed192-5c3c-4e8c-b507-05e2d244ecfd,HORROR,1h 34m,D17+,2D,2026-05-28,76a8e780-f42c-46e9-ac97-18a1bc2a5bfd,2026-05-27T17:37:14.989701
f52e4d8f-92a6-467e-965c-dae00503471b,SEMUA AKAN BAIK-BAIK SAJA,cinepolis,,cae94e25-4386-417b-8bdf-0dea2d0b0c71,DRAMA,1h 53m,13+,2D,2026-05-28,2ca65c2a-faa1-4421-a5cf-0ffa34820ae7,2026-05-27T17:37:14.990884
f52e4d8f-92a6-467e-965c-dae00503471b,STAR WARS: THE MANDALORIAN AND GROGU,cinepolis,,488b0e44-9328-4660-827f-bf3341602b6d,FANTASY,2h 12m,13+,2D,2026-05-28,93a7e5be-7eb1-4104-b815-45f6a63337de,2026-05-27T17:37:14.992251
f52e4d8f-92a6-467e-965c-dae00503471b,GOHAN,cinepolis,,15718ddd-e8db-449b-9313-73b98733d485,DRAMA,2h 20m,SU,2D,2026-05-28,7739a389-8113-40e3-acea-8104d424476f,2026-05-27T17:37:14.993323
f52e4d8f-92a6-467e-965c-dae00503471b,MORTAL KOMBAT II,cinepolis,,420e1f44-2534-4ed9-9d6f-84cf6406d5a8,ACTION,1h 56m,D17+,2D,2026-05-28,80073ffd-0995-40dc-a4f9-2f79fae6ae4f,2026-05-27T17:37:14.994571
f52e4d8f-92a6-467e-965c-dae00503471b,HOKUM,cinepolis,,6eb5558d-edd2-45f7-a295-6a10c7c57aaf,HORROR,1h 47m,13+,2D,2026-05-28,8c05a964-78ea-4305-ab43-512be7c03880,2026-05-27T17:37:14.995433
403533cf-4ab9-4fc0-8f81-fad5c2decf72,SEKAWAN LIMO 2: GUNUNG KLAWIH,cinepolis,,7a5e33ac-ba36-4c3f-bd38-0f7f00a79a1d,COMEDY,2h 2m,13+,2D,2026-05-28,f96738cb-a919-4c71-920f-043048a56726,2026-05-27T17:37:20.255866
403533cf-4ab9-4fc0-8f81-fad5c2decf72,CHILDREN OF HEAVEN,cinepolis,,0ae5ff7b-e255-45b6-a488-c0feb89dc653,DRAMA,1h 37m,SU,2D,2026-05-28,eb6cf6d9-a025-4a66-a4f3-8e66879940cd,2026-05-27T17:37:20.257587
403533cf-4ab9-4fc0-8f81-fad5c2decf72,BADUT GENDONG,cinepolis,,3c747edf-0b24-47d3-a687-cce565db1452,HORROR,1h 41m,D17+,2D,2026-05-28,8a1df406-0112-41be-8afe-eb06dbb6b5f7,2026-05-27T17:37:20.258830
403533cf-4ab9-4fc0-8f81-fad5c2decf72,TUMBAL PROYEK,cinepolis,,0b14c075-63cc-4a3b-b0a7-a3578ae1590b,HORROR,1h 46m,D17+,2D,2026-05-28,57f3ae11-7e8f-47a7-b221-d97214480fa9,2026-05-27T17:37:20.260598
403533cf-4ab9-4fc0-8f81-fad5c2decf72,SEMUA AKAN BAIK-BAIK SAJA,cinepolis,,cae94e25-4386-417b-8bdf-0dea2d0b0c71,DRAMA,1h 53m,13+,2D,2026-05-28,0bb34ba2-f374-4b2a-9da6-003695de1c1b,2026-05-27T17:37:20.261471
403533cf-4ab9-4fc0-8f81-fad5c2decf72,GUDANG MERICA,cinepolis,,0e87a4c9-10fb-496b-b0a4-4d60d71c222d,COMEDY,1h 38m,D17+,2D,2026-05-28,8675a49f-ada3-429a-acb7-a8133d3e2d9c,2026-05-27T17:37:20.262996
cae1f5cf-9479-4888-b352-51a85593ad84,SEKAWAN LIMO 2: GUNUNG KLAWIH,cinepolis,,7a5e33ac-ba36-4c3f-bd38-0f7f00a79a1d,COMEDY,2h 2m,13+,2D,2026-05-28,730126bf-1ab3-4f0e-b71e-e4f68b332074,2026-05-27T17:37:26.277509
cae1f5cf-9479-4888-b352-51a85593ad84,CHILDREN OF HEAVEN,cinepolis,,0ae5ff7b-e255-45b6-a488-c0feb89dc653,DRAMA,1h 37m,SU,2D,2026-05-28,bedec4c4-4b11-4fde-aec4-b7a148da6c5d,2026-05-27T17:37:26.278576
cae1f5cf-9479-4888-b352-51a85593ad84,BADUT GENDONG,cinepolis,,3c747edf-0b24-47d3-a687-cce565db1452,HORROR,1h 41m,D17+,2D,2026-05-28,883ff486-1bab-47a1-b3cd-e0021db52af5,2026-05-27T17:37:26.280733
cae1f5cf-9479-4888-b352-51a85593ad84,TUMBAL PROYEK,cinepolis,,0b14c075-63cc-4a3b-b0a7-a3578ae1590b,HORROR,1h 46m,D17+,2D,2026-05-28,a0169d94-22c6-4f1c-8412-bbfb710c6d92,2026-05-27T17:37:26.282390
cae1f5cf-9479-4888-b352-51a85593ad84,SEMUA AKAN BAIK-BAIK SAJA,cinepolis,,cae94e25-4386-417b-8bdf-0dea2d0b0c71,DRAMA,1h 53m,13+,2D,2026-05-28,051522e4-016a-4dd3-86dc-420fd31e1081,2026-05-27T17:37:26.283711
cae1f5cf-9479-4888-b352-51a85593ad84,STAR WARS: THE MANDALORIAN AND GROGU,cinepolis,,488b0e44-9328-4660-827f-bf3341602b6d,FANTASY,2h 12m,13+,2D,2026-05-28,941e26d8-fc72-40f6-8611-98f942af3270,2026-05-27T17:37:26.284716
cae1f5cf-9479-4888-b352-51a85593ad84,SUAMIKU LUKAKU,cinepolis,,f3e0cc94-be0d-4b52-8559-e87edeb75793,DRAMA,1h 32m,D17+,2D,2026-05-28,5cafa3ce-a22f-497c-a41b-f33b159e30ab,2026-05-27T17:37:26.285534
92e74021-61e6-4293-aa4d-170a73de7b4b,SEKAWAN LIMO 2: GUNUNG KLAWIH,cinepolis,,7a5e33ac-ba36-4c3f-bd38-0f7f00a79a1d,COMEDY,2h 2m,13+,2D,2026-05-28,ab171f94-4d1d-4b32-bc13-4c3f7c8fd616,2026-05-27T17:37:32.291245
92e74021-61e6-4293-aa4d-170a73de7b4b,CHILDREN OF HEAVEN,cinepolis,,0ae5ff7b-e255-45b6-a488-c0feb89dc653,DRAMA,1h 37m,SU,2D,2026-05-28,6df08e88-8855-495a-adf0-8dcd95cc3c50,2026-05-27T17:37:32.292190
92e74021-61e6-4293-aa4d-170a73de7b4b,TUMBAL PROYEK,cinepolis,,0b14c075-63cc-4a3b-b0a7-a3578ae1590b,HORROR,1h 46m,D17+,2D,2026-05-28,1cfd0442-f368-4a13-b919-345eca5ad0c2,2026-05-27T17:37:32.293167
92e74021-61e6-4293-aa4d-170a73de7b4b,PASSENGER,cinepolis,,f99ed192-5c3c-4e8c-b507-05e2d244ecfd,HORROR,1h 34m,D17+,2D,2026-05-28,7950b40f-0239-4e2c-a465-ed151166b6a0,2026-05-27T17:37:32.294344
92e74021-61e6-4293-aa4d-170a73de7b4b,SEMUA AKAN BAIK-BAIK SAJA,cinepolis,,cae94e25-4386-417b-8bdf-0dea2d0b0c71,DRAMA,1h 53m,13+,2D,2026-05-28,4ca2c7dd-a774-4fbe-86de-681dd818a0d9,2026-05-27T17:37:32.295187
92e74021-61e6-4293-aa4d-170a73de7b4b,GUDANG MERICA,cinepolis,,0e87a4c9-10fb-496b-b0a4-4d60d71c222d,COMEDY,1h 38m,D17+,2D,2026-05-28,ef96a6de-e21e-4c9a-9f3e-1620a0a843c1,2026-05-27T17:37:32.296119
92e74021-61e6-4293-aa4d-170a73de7b4b,STAR WARS: THE MANDALORIAN AND GROGU,cinepolis,,488b0e44-9328-4660-827f-bf3341602b6d,FANTASY,2h 12m,13+,2D,2026-05-28,27e31e8b-9c66-43b4-86b7-a61e52e2f185,2026-05-27T17:37:32.297021
92e74021-61e6-4293-aa4d-170a73de7b4b,GOHAN,cinepolis,,15718ddd-e8db-449b-9313-73b98733d485,DRAMA,2h 20m,SU,2D,2026-05-28,1adb4db0-ab49-4eaa-b3d0-f65aa1498b8d,2026-05-27T17:37:32.298426
92e74021-61e6-4293-aa4d-170a73de7b4b,HOKUM,cinepolis,,6eb5558d-edd2-45f7-a295-6a10c7c57aaf,HORROR,1h 47m,13+,2D,2026-05-28,384344e4-0d78-4636-8bd5-6b42d9bb7069,2026-05-27T17:37:32.300068
92e74021-61e6-4293-aa4d-170a73de7b4b,THE SUPER MARIO GALAXY MOVIE,cinepolis,,4d0f64f0-c009-46e2-bac7-7bb5c43057f8,ANIMATION,1h 38m,SU,2D,2026-05-28,172030c4-387e-4df3-883b-67bd18545738,2026-05-27T17:37:32.300925
92e74021-61e6-4293-aa4d-170a73de7b4b,THE SHEEP DETECTIVES,cinepolis,,71865891-a162-4fb5-bcc1-eda6d7edf3e9,COMEDY,1h 49m,SU,2D,2026-05-28,8b0296d1-4ec6-4f1c-988e-8a5010392fd1,2026-05-27T17:37:32.302826
92e74021-61e6-4293-aa4d-170a73de7b4b,THE KING`S WARDEN,cinepolis,,65881b59-8a2d-43fe-b61c-5d8b58e2b312,DRAMA,1h 57m,13+,2D,2026-05-28,70781107-7c3b-42cf-bfda-e6f951d36594,2026-05-27T17:37:32.303618
fe5894bf-c618-4346-a155-57883a164411,SEKAWAN LIMO 2: GUNUNG KLAWIH,cinepolis,,7a5e33ac-ba36-4c3f-bd38-0f7f00a79a1d,COMEDY,2h 2m,13+,2D,2026-05-28,c6774d82-6777-4d93-bd01-c7300aea4383,2026-05-27T17:37:37.560942
fe5894bf-c618-4346-a155-57883a164411,CHILDREN OF HEAVEN,cinepolis,,0ae5ff7b-e255-45b6-a488-c0feb89dc653,DRAMA,1h 37m,SU,2D,2026-05-28,01cdb5fb-4a70-4ac0-80bc-c82293d3729c,2026-05-27T17:37:37.565171
fe5894bf-c618-4346-a155-57883a164411,BADUT GENDONG,cinepolis,,3c747edf-0b24-47d3-a687-cce565db1452,HORROR,1h 41m,D17+,2D,2026-05-28,8c3f5624-9a4c-435b-b1f7-673805d36cf3,2026-05-27T17:37:37.567363
fe5894bf-c618-4346-a155-57883a164411,TUMBAL PROYEK,cinepolis,,0b14c075-63cc-4a3b-b0a7-a3578ae1590b,HORROR,1h 46m,D17+,2D,2026-05-28,259a296f-b1dd-4217-8610-7d48bb544927,2026-05-27T17:37:37.568599
fe5894bf-c618-4346-a155-57883a164411,PASSENGER,cinepolis,,f99ed192-5c3c-4e8c-b507-05e2d244ecfd,HORROR,1h 34m,D17+,2D,2026-05-28,0bbeac61-1916-427f-af0a-cb927562a3e2,2026-05-27T17:37:37.569560
3abccc3e-885f-4b86-8f1b-e35722902b14,SEKAWAN LIMO 2: GUNUNG KLAWIH,cinepolis,,7a5e33ac-ba36-4c3f-bd38-0f7f00a79a1d,COMEDY,2h 2m,13+,2D,2026-05-28,971804ad-6579-4ce7-b18c-5d93a183df97,2026-05-27T17:37:42.897429
3abccc3e-885f-4b86-8f1b-e35722902b14,CHILDREN OF HEAVEN,cinepolis,,0ae5ff7b-e255-45b6-a488-c0feb89dc653,DRAMA,1h 37m,SU,2D,2026-05-28,c97a3093-1ab2-4e5e-abe5-f142d354b622,2026-05-27T17:37:42.898504
3abccc3e-885f-4b86-8f1b-e35722902b14,BADUT GENDONG,cinepolis,,3c747edf-0b24-47d3-a687-cce565db1452,HORROR,1h 41m,D17+,2D,2026-05-28,f29d5ace-ec9f-477a-b51b-0910a14108d0,2026-05-27T17:37:42.899796
3abccc3e-885f-4b86-8f1b-e35722902b14,TUMBAL PROYEK,cinepolis,,0b14c075-63cc-4a3b-b0a7-a3578ae1590b,HORROR,1h 46m,D17+,2D,2026-05-28,e7c13ecf-22bf-4920-8ef5-8272fb7efaaa,2026-05-27T17:37:42.900870
3abccc3e-885f-4b86-8f1b-e35722902b14,PASSENGER,cinepolis,,f99ed192-5c3c-4e8c-b507-05e2d244ecfd,HORROR,1h 34m,D17+,2D,2026-05-28,a0ca45aa-1d68-4257-90fa-a2858bb9f058,2026-05-27T17:37:42.903982
3abccc3e-885f-4b86-8f1b-e35722902b14,SEMUA AKAN BAIK-BAIK SAJA,cinepolis,,cae94e25-4386-417b-8bdf-0dea2d0b0c71,DRAMA,1h 53m,13+,2D,2026-05-28,215fbdbb-b786-42b9-a204-fa49ffd3078e,2026-05-27T17:37:42.905156
3abccc3e-885f-4b86-8f1b-e35722902b14,GUDANG MERICA,cinepolis,,0e87a4c9-10fb-496b-b0a4-4d60d71c222d,COMEDY,1h 38m,D17+,2D,2026-05-28,a1d30356-d6f2-48c5-82d2-4556da0c30df,2026-05-27T17:37:42.905969
3abccc3e-885f-4b86-8f1b-e35722902b14,STAR WARS: THE MANDALORIAN AND GROGU,cinepolis,,488b0e44-9328-4660-827f-bf3341602b6d,FANTASY,2h 12m,13+,2D,2026-05-28,43448fad-6c7c-4333-8097-e7a6c179c828,2026-05-27T17:37:42.906972
3abccc3e-885f-4b86-8f1b-e35722902b14,"AYAH, INI ARAHNYA KEMANA, YA?",cinepolis,,47fccbc0-f843-4918-ad66-28fcef4aa048,DRAMA,1h 43m,13+,2D,2026-05-28,5a749f5e-fa3a-4b55-ad71-06efbd21467d,2026-05-27T17:37:42.907945
3abccc3e-885f-4b86-8f1b-e35722902b14,YANG LAIN BOLEH HILANG ASAL KAU JANGAN,cinepolis,,ff59e4ab-92e1-4aa6-bfd8-ab6521930738,DRAMA,1h 53m,13+,2D,2026-05-28,f319f0d5-d73c-433a-ad69-d759afd2cd3a,2026-05-27T17:37:42.908588
5c17a28f-4e38-438f-af9a-c6199d782de9,SEKAWAN LIMO 2: GUNUNG KLAWIH,cinepolis,,7a5e33ac-ba36-4c3f-bd38-0f7f00a79a1d,COMEDY,2h 2m,13+,2D,2026-05-28,12f42e51-f7f8-47d3-9885-57bcbd67b4e4,2026-05-27T17:37:48.958950
5c17a28f-4e38-438f-af9a-c6199d782de9,CHILDREN OF HEAVEN,cinepolis,,0ae5ff7b-e255-45b6-a488-c0feb89dc653,DRAMA,1h 37m,SU,2D,2026-05-28,df9fe5ad-7112-44e5-9250-8a92c577a548,2026-05-27T17:37:48.960384
5c17a28f-4e38-438f-af9a-c6199d782de9,BADUT GENDONG,cinepolis,,3c747edf-0b24-47d3-a687-cce565db1452,HORROR,1h 41m,D17+,2D,2026-05-28,f4a21577-4e56-4123-b328-f956a18de99b,2026-05-27T17:37:48.961134
5c17a28f-4e38-438f-af9a-c6199d782de9,TUMBAL PROYEK,cinepolis,,0b14c075-63cc-4a3b-b0a7-a3578ae1590b,HORROR,1h 46m,D17+,2D,2026-05-28,bce8e226-cc4c-41a2-a2fe-92ba4ae1f48a,2026-05-27T17:37:48.961910
5c17a28f-4e38-438f-af9a-c6199d782de9,PASSENGER,cinepolis,,f99ed192-5c3c-4e8c-b507-05e2d244ecfd,HORROR,1h 34m,D17+,2D,2026-05-28,121f9cef-d6b3-470f-a06a-7658aecdb6b8,2026-05-27T17:37:48.962603
5c17a28f-4e38-438f-af9a-c6199d782de9,SEMUA AKAN BAIK-BAIK SAJA,cinepolis,,cae94e25-4386-417b-8bdf-0dea2d0b0c71,DRAMA,1h 53m,13+,2D,2026-05-28,7f81bad2-ff6f-4841-a2c1-966444613da7,2026-05-27T17:37:48.963297
5c17a28f-4e38-438f-af9a-c6199d782de9,GUDANG MERICA,cinepolis,,0e87a4c9-10fb-496b-b0a4-4d60d71c222d,COMEDY,1h 38m,D17+,2D,2026-05-28,42a23b16-0f62-415b-9d70-6700301fc92a,2026-05-27T17:37:48.964041
5c17a28f-4e38-438f-af9a-c6199d782de9,SUAMIKU LUKAKU,cinepolis,,f3e0cc94-be0d-4b52-8559-e87edeb75793,DRAMA,1h 32m,D17+,2D,2026-05-28,7d410c82-aaa4-40a9-a375-cf40f329aecd,2026-05-27T17:37:48.964724
5c17a28f-4e38-438f-af9a-c6199d782de9,GHOST IN THE CELL,cinepolis,,1859bb5f-f638-4a41-854c-a114f6f8a608,HORROR,1h 46m,D17+,2D,2026-05-28,0c8b6ba3-907e-4574-965c-ea803868379e,2026-05-27T17:37:48.965388
5c17a28f-4e38-438f-af9a-c6199d782de9,"AYAH, INI ARAHNYA KEMANA, YA?",cinepolis,,47fccbc0-f843-4918-ad66-28fcef4aa048,DRAMA,1h 43m,13+,2D,2026-05-28,20696067-4949-45aa-887e-2fcd29d0d2c5,2026-05-27T17:37:48.966046
5c17a28f-4e38-438f-af9a-c6199d782de9,YANG LAIN BOLEH HILANG ASAL KAU JANGAN,cinepolis,,ff59e4ab-92e1-4aa6-bfd8-ab6521930738,DRAMA,1h 53m,13+,2D,2026-05-28,f9a9887e-3ecc-4964-8515-1aaad553557d,2026-05-27T17:37:48.966678
5c17a28f-4e38-438f-af9a-c6199d782de9,TIBA TIBA SETAN,cinepolis,,1d967795-fc67-4246-984c-e494ece3054c,COMEDY,1h 53m,13+,2D,2026-05-28,e16fe007-bc30-4838-9adb-45488d06d2fc,2026-05-27T17:37:50.542020
16e7dfe4-68e2-4958-a2ed-08eb2ad489b6,SEKAWAN LIMO 2: GUNUNG KLAWIH,cinepolis,,7a5e33ac-ba36-4c3f-bd38-0f7f00a79a1d,COMEDY,2h 2m,13+,2D,2026-05-28,64193a27-b0a5-4425-bc1f-c966d37f3340,2026-05-27T17:37:54.238061
16e7dfe4-68e2-4958-a2ed-08eb2ad489b6,CHILDREN OF HEAVEN,cinepolis,,0ae5ff7b-e255-45b6-a488-c0feb89dc653,DRAMA,1h 37m,SU,2D,2026-05-28,97f3c9c1-e045-42d7-8b18-677c2f6965c1,2026-05-27T17:37:54.239707
16e7dfe4-68e2-4958-a2ed-08eb2ad489b6,TUMBAL PROYEK,cinepolis,,0b14c075-63cc-4a3b-b0a7-a3578ae1590b,HORROR,1h 46m,D17+,2D,2026-05-28,7d9aa9b2-a4e5-4a6f-a7f3-8e4709ed0cea,2026-05-27T17:37:54.240668
16e7dfe4-68e2-4958-a2ed-08eb2ad489b6,PASSENGER,cinepolis,,f99ed192-5c3c-4e8c-b507-05e2d244ecfd,HORROR,1h 34m,D17+,2D,2026-05-28,611909e5-4c0b-4508-ae9c-c8fd351cccfa,2026-05-27T17:37:54.241544
16e7dfe4-68e2-4958-a2ed-08eb2ad489b6,SEMUA AKAN BAIK-BAIK SAJA,cinepolis,,cae94e25-4386-417b-8bdf-0dea2d0b0c71,DRAMA,1h 53m,13+,2D,2026-05-28,c45132ed-af97-4a94-ba71-c0f2df30fbf9,2026-05-27T17:37:54.242383
16e7dfe4-68e2-4958-a2ed-08eb2ad489b6,HOKUM,cinepolis,,6eb5558d-edd2-45f7-a295-6a10c7c57aaf,HORROR,1h 47m,13+,2D,2026-05-28,79bb203f-5e03-478e-953f-54a214b5ac40,2026-05-27T17:37:54.243504
e5334d27-206a-40c3-bd25-23073182b611,SEKAWAN LIMO 2: GUNUNG KLAWIH,cinepolis,,7a5e33ac-ba36-4c3f-bd38-0f7f00a79a1d,COMEDY,2h 2m,13+,2D,2026-05-28,3cd1d44d-2506-4ef6-befa-8c2248002fcd,2026-05-27T17:38:00.280778
e5334d27-206a-40c3-bd25-23073182b611,CHILDREN OF HEAVEN,cinepolis,,0ae5ff7b-e255-45b6-a488-c0feb89dc653,DRAMA,1h 37m,SU,2D,2026-05-28,50d02545-de22-48ca-b2c0-0ecda1cc748d,2026-05-27T17:38:00.281499
e5334d27-206a-40c3-bd25-23073182b611,BADUT GENDONG,cinepolis,,3c747edf-0b24-47d3-a687-cce565db1452,HORROR,1h 41m,D17+,2D,2026-05-28,fc4b5116-b2ce-4d01-9557-920f01d355d9,2026-05-27T17:38:00.282189
e5334d27-206a-40c3-bd25-23073182b611,TUMBAL PROYEK,cinepolis,,0b14c075-63cc-4a3b-b0a7-a3578ae1590b,HORROR,1h 46m,D17+,2D,2026-05-28,675cfca7-b5b4-48c7-9a13-57f6dafceac1,2026-05-27T17:38:00.282809
e5334d27-206a-40c3-bd25-23073182b611,PASSENGER,cinepolis,,f99ed192-5c3c-4e8c-b507-05e2d244ecfd,HORROR,1h 34m,D17+,2D,2026-05-28,5c165732-59a9-46bb-91c2-678efd220703,2026-05-27T17:38:00.283792
e5334d27-206a-40c3-bd25-23073182b611,SEMUA AKAN BAIK-BAIK SAJA,cinepolis,,cae94e25-4386-417b-8bdf-0dea2d0b0c71,DRAMA,1h 53m,13+,2D,2026-05-28,afd6e4cf-5e40-4ab5-9ec1-a7ac836d4157,2026-05-27T17:38:00.284443
e5334d27-206a-40c3-bd25-23073182b611,STAR WARS: THE MANDALORIAN AND GROGU,cinepolis,,488b0e44-9328-4660-827f-bf3341602b6d,FANTASY,2h 12m,13+,2D,2026-05-28,56b75f08-ff90-4854-bdcb-0e7aa570c11c,2026-05-27T17:38:00.285179
e5334d27-206a-40c3-bd25-23073182b611,SUNSHINE WOMEN`S CHOIR,cinepolis,,33062671-0ce9-4273-90a4-86ac43173ab4,COMEDY,2h 14m,13+,2D,2026-05-28,88b75b7b-d50d-441d-bf91-6a6742cc7ed1,2026-05-27T17:38:00.285792
e5334d27-206a-40c3-bd25-23073182b611,PEGASUS 3,cinepolis,,8f125633-ac6b-459d-afbc-d1a0e529da32,ACTION,2h 6m,13+,2D,2026-05-28,9face2c4-104a-4c4c-b9dd-10cb3340bcef,2026-05-27T17:38:00.286608
c0ca8d26-5f5f-449d-9470-da188dd825fb,SEKAWAN LIMO 2: GUNUNG KLAWIH,cinepolis,,7a5e33ac-ba36-4c3f-bd38-0f7f00a79a1d,COMEDY,2h 2m,13+,2D,2026-05-28,ccd7d3f9-ecf0-4537-bd6a-82c226c21507,2026-05-27T17:38:05.599542
c0ca8d26-5f5f-449d-9470-da188dd825fb,CHILDREN OF HEAVEN,cinepolis,,0ae5ff7b-e255-45b6-a488-c0feb89dc653,DRAMA,1h 37m,SU,2D,2026-05-28,6273a41d-d537-4ac4-8a65-8ce74dcd1354,2026-05-27T17:38:05.601891
c0ca8d26-5f5f-449d-9470-da188dd825fb,TUMBAL PROYEK,cinepolis,,0b14c075-63cc-4a3b-b0a7-a3578ae1590b,HORROR,1h 46m,D17+,2D,2026-05-28,65b8419b-b3f3-4dcf-beac-8278723059c3,2026-05-27T17:38:05.603466
c0ca8d26-5f5f-449d-9470-da188dd825fb,SEMUA AKAN BAIK-BAIK SAJA,cinepolis,,cae94e25-4386-417b-8bdf-0dea2d0b0c71,DRAMA,1h 53m,13+,2D,2026-05-28,8d216604-eefc-4559-8cdf-b2578a5d2bd5,2026-05-27T17:38:05.604641
c0ca8d26-5f5f-449d-9470-da188dd825fb,GUDANG MERICA,cinepolis,,0e87a4c9-10fb-496b-b0a4-4d60d71c222d,COMEDY,1h 38m,D17+,2D,2026-05-28,6669b95b-698a-4a30-903e-852e36c5d59a,2026-05-27T17:38:05.605584
c0ca8d26-5f5f-449d-9470-da188dd825fb,STAR WARS: THE MANDALORIAN AND GROGU,cinepolis,,488b0e44-9328-4660-827f-bf3341602b6d,FANTASY,2h 12m,13+,2D,2026-05-28,a14529a4-b03f-4da4-bb34-99e31c720b32,2026-05-27T17:38:05.606471
c0ca8d26-5f5f-449d-9470-da188dd825fb,MORTAL KOMBAT II,cinepolis,,420e1f44-2534-4ed9-9d6f-84cf6406d5a8,ACTION,1h 56m,D17+,2D,2026-05-28,239d0052-2c35-4581-91f4-e12d06db6586,2026-05-27T17:38:05.607336
c0ca8d26-5f5f-449d-9470-da188dd825fb,GHOST IN THE CELL,cinepolis,,1859bb5f-f638-4a41-854c-a114f6f8a608,HORROR,1h 46m,D17+,2D,2026-05-28,a2836292-821e-4ec7-8b1d-0afb0bc9028b,2026-05-27T17:38:05.608496
c0ca8d26-5f5f-449d-9470-da188dd825fb,KELUARGA SUAMI ADALAH HAMA,cinepolis,,6a227c4d-1483-455f-842b-37ab7ddccdc2,DRAMA,1h 57m,13+,2D,2026-05-28,5727f858-cff9-49e6-a7cf-2c3ae30381dd,2026-05-27T17:38:05.609395
bb14e7b0-fd93-4eeb-aa36-d9004fdedf74,SEKAWAN LIMO 2: GUNUNG KLAWIH,cinepolis,,7a5e33ac-ba36-4c3f-bd38-0f7f00a79a1d,COMEDY,2h 2m,13+,2D,2026-05-28,5cd3657a-fc2d-4f6e-bd29-e840976f1c8a,2026-05-27T17:38:11.838710
bb14e7b0-fd93-4eeb-aa36-d9004fdedf74,CHILDREN OF HEAVEN,cinepolis,,0ae5ff7b-e255-45b6-a488-c0feb89dc653,DRAMA,1h 37m,SU,2D,2026-05-28,069c5a3e-e3f5-4765-b656-16c350127d8d,2026-05-27T17:38:11.842532
bb14e7b0-fd93-4eeb-aa36-d9004fdedf74,TUMBAL PROYEK,cinepolis,,0b14c075-63cc-4a3b-b0a7-a3578ae1590b,HORROR,1h 46m,D17+,2D,2026-05-28,a7559164-9945-430d-8c29-bf1ceed664d8,2026-05-27T17:38:11.843645
bb14e7b0-fd93-4eeb-aa36-d9004fdedf74,GUDANG MERICA,cinepolis,,0e87a4c9-10fb-496b-b0a4-4d60d71c222d,COMEDY,1h 38m,D17+,2D,2026-05-28,bb8d9fda-aa17-403e-87ba-de22ea599b5e,2026-05-27T17:38:11.844545
9b310d77-b330-47c5-a70f-3a0f15ebc6ac,SEKAWAN LIMO 2: GUNUNG KLAWIH,cinepolis,,7a5e33ac-ba36-4c3f-bd38-0f7f00a79a1d,COMEDY,2h 2m,13+,2D,2026-05-28,3a2d9381-e182-444c-b8dd-aa4f2e8fe6e0,2026-05-27T17:38:17.144742
9b310d77-b330-47c5-a70f-3a0f15ebc6ac,CHILDREN OF HEAVEN,cinepolis,,0ae5ff7b-e255-45b6-a488-c0feb89dc653,DRAMA,1h 37m,SU,2D,2026-05-28,3163a44f-4975-4793-a188-37a8ec1b3716,2026-05-27T17:38:17.146890
9b310d77-b330-47c5-a70f-3a0f15ebc6ac,BADUT GENDONG,cinepolis,,3c747edf-0b24-47d3-a687-cce565db1452,HORROR,1h 41m,D17+,2D,2026-05-28,7d508f1c-b0b6-4df7-a825-b9fe36b504f5,2026-05-27T17:38:17.147812
9b310d77-b330-47c5-a70f-3a0f15ebc6ac,TUMBAL PROYEK,cinepolis,,0b14c075-63cc-4a3b-b0a7-a3578ae1590b,HORROR,1h 46m,D17+,2D,2026-05-28,a4391664-7aca-4ad1-8ebe-ac31f522a894,2026-05-27T17:38:17.148952
9b310d77-b330-47c5-a70f-3a0f15ebc6ac,PASSENGER,cinepolis,,f99ed192-5c3c-4e8c-b507-05e2d244ecfd,HORROR,1h 34m,D17+,2D,2026-05-28,22512b3e-71c6-4de7-84c9-d2fdf4bf0e13,2026-05-27T17:38:17.149863
9b310d77-b330-47c5-a70f-3a0f15ebc6ac,SEMUA AKAN BAIK-BAIK SAJA,cinepolis,,cae94e25-4386-417b-8bdf-0dea2d0b0c71,DRAMA,1h 53m,13+,2D,2026-05-28,29803971-8f29-4368-af02-ffa9a9baa998,2026-05-27T17:38:17.150785
f0c5da35-7691-4167-80e5-6df24087959c,SEKAWAN LIMO 2: GUNUNG KLAWIH,cinepolis,,7a5e33ac-ba36-4c3f-bd38-0f7f00a79a1d,COMEDY,2h 2m,13+,2D,2026-05-28,2da37d77-3329-407b-9fa2-56c1e39c39f3,2026-05-27T17:38:22.421093
f0c5da35-7691-4167-80e5-6df24087959c,CHILDREN OF HEAVEN,cinepolis,,0ae5ff7b-e255-45b6-a488-c0feb89dc653,DRAMA,1h 37m,SU,2D,2026-05-28,3842fb1d-3a73-4dbe-8b43-a5ed0a35bc08,2026-05-27T17:38:22.422637
f0c5da35-7691-4167-80e5-6df24087959c,BADUT GENDONG,cinepolis,,3c747edf-0b24-47d3-a687-cce565db1452,HORROR,1h 41m,D17+,2D,2026-05-28,ed84e6ae-e6a3-4c5a-b63f-a387f0239da9,2026-05-27T17:38:22.423508
f0c5da35-7691-4167-80e5-6df24087959c,PASSENGER,cinepolis,,f99ed192-5c3c-4e8c-b507-05e2d244ecfd,HORROR,1h 34m,D17+,2D,2026-05-28,d44cf190-1693-41b4-8d17-f3a569f1ebb7,2026-05-27T17:38:22.424633
f0c5da35-7691-4167-80e5-6df24087959c,SEMUA AKAN BAIK-BAIK SAJA,cinepolis,,cae94e25-4386-417b-8bdf-0dea2d0b0c71,DRAMA,1h 53m,13+,2D,2026-05-28,dd7b917a-591c-4c95-a2f6-f5f6e4e64301,2026-05-27T17:38:22.425403
f0c5da35-7691-4167-80e5-6df24087959c,GUDANG MERICA,cinepolis,,0e87a4c9-10fb-496b-b0a4-4d60d71c222d,COMEDY,1h 38m,D17+,2D,2026-05-28,2a5280ed-df01-4c4f-bb2a-0e9abf401bc9,2026-05-27T17:38:22.426406
f0c5da35-7691-4167-80e5-6df24087959c,STAR WARS: THE MANDALORIAN AND GROGU,cinepolis,,488b0e44-9328-4660-827f-bf3341602b6d,FANTASY,2h 12m,13+,2D,2026-05-28,fadcc9ff-ca1b-4711-81b8-833021e864de,2026-05-27T17:38:22.427392
f0c5da35-7691-4167-80e5-6df24087959c,GOHAN,cinepolis,,15718ddd-e8db-449b-9313-73b98733d485,DRAMA,2h 20m,SU,2D,2026-05-28,4c392849-ffbb-43a5-a154-53404d950287,2026-05-27T17:38:22.428409
f0c5da35-7691-4167-80e5-6df24087959c,HOKUM,cinepolis,,6eb5558d-edd2-45f7-a295-6a10c7c57aaf,HORROR,1h 47m,13+,2D,2026-05-28,4e3af08c-3a18-4d43-a232-873dd19f7125,2026-05-27T17:38:22.429410
f0c5da35-7691-4167-80e5-6df24087959c,THE SUPER MARIO GALAXY MOVIE,cinepolis,,4d0f64f0-c009-46e2-bac7-7bb5c43057f8,ANIMATION,1h 38m,SU,2D,2026-05-28,84991c09-637f-40a7-b3e3-f9cf68aa75ce,2026-05-27T17:38:22.430116
f0c5da35-7691-4167-80e5-6df24087959c,THE KING`S WARDEN,cinepolis,,65881b59-8a2d-43fe-b61c-5d8b58e2b312,DRAMA,1h 57m,13+,2D,2026-05-28,694cf11b-88ee-4884-9092-e7c1bd3a074c,2026-05-27T17:38:22.430813
f0c5da35-7691-4167-80e5-6df24087959c,THE DEVIL WEARS PRADA 2,cinepolis,,97d5d4ac-9e2f-476f-a0ee-729bdefb04b1,COMEDY,1h 59m,13+,2D,2026-05-28,9c9ec62a-9d84-40b9-9fcf-3c636dd7b9c6,2026-05-27T17:38:22.431832
3c2fce7d-0b88-49b0-8e68-989789c14841,SEKAWAN LIMO 2: GUNUNG KLAWIH,cinepolis,,7a5e33ac-ba36-4c3f-bd38-0f7f00a79a1d,COMEDY,2h 2m,13+,2D,2026-05-28,6f1cc524-14bc-408d-8aa1-ddc078cbe84a,2026-05-27T17:38:27.694757
3c2fce7d-0b88-49b0-8e68-989789c14841,CHILDREN OF HEAVEN,cinepolis,,0ae5ff7b-e255-45b6-a488-c0feb89dc653,DRAMA,1h 37m,SU,2D,2026-05-28,8b34e800-883d-4929-be49-2453d72ae387,2026-05-27T17:38:27.696312
3c2fce7d-0b88-49b0-8e68-989789c14841,BADUT GENDONG,cinepolis,,3c747edf-0b24-47d3-a687-cce565db1452,HORROR,1h 41m,D17+,2D,2026-05-28,82df5e44-8529-42b2-a0b0-6c538676ccff,2026-05-27T17:38:27.700331
3c2fce7d-0b88-49b0-8e68-989789c14841,TUMBAL PROYEK,cinepolis,,0b14c075-63cc-4a3b-b0a7-a3578ae1590b,HORROR,1h 46m,D17+,2D,2026-05-28,f0025734-0598-4acc-bd92-7b5b20814918,2026-05-27T17:38:27.701801
3c2fce7d-0b88-49b0-8e68-989789c14841,PASSENGER,cinepolis,,f99ed192-5c3c-4e8c-b507-05e2d244ecfd,HORROR,1h 34m,D17+,2D,2026-05-28,b4571673-0f95-4a38-affe-20242e10f8cc,2026-05-27T17:38:27.702643
3c2fce7d-0b88-49b0-8e68-989789c14841,GUDANG MERICA,cinepolis,,0e87a4c9-10fb-496b-b0a4-4d60d71c222d,COMEDY,1h 38m,D17+,2D,2026-05-28,0dbd44b1-3f1b-43aa-a28a-2e869e216c76,2026-05-27T17:38:27.703441
3c2fce7d-0b88-49b0-8e68-989789c14841,SUAMIKU LUKAKU,cinepolis,,f3e0cc94-be0d-4b52-8559-e87edeb75793,DRAMA,1h 32m,D17+,2D,2026-05-28,89140624-c23b-42a4-9f3b-e2691f4eca95,2026-05-27T17:38:27.704092
fab95364-e275-4327-9eff-79d218cd1b97,SEKAWAN LIMO 2: GUNUNG KLAWIH,cinepolis,,7a5e33ac-ba36-4c3f-bd38-0f7f00a79a1d,COMEDY,2h 2m,13+,2D,2026-05-28,4ca9fa54-2d96-4137-8369-f00f2d82a0c6,2026-05-27T17:38:32.989351
fab95364-e275-4327-9eff-79d218cd1b97,CHILDREN OF HEAVEN,cinepolis,,0ae5ff7b-e255-45b6-a488-c0feb89dc653,DRAMA,1h 37m,SU,2D,2026-05-28,16f0cdaf-e383-461c-9cd9-462a64af36de,2026-05-27T17:38:32.990493
fab95364-e275-4327-9eff-79d218cd1b97,TUMBAL PROYEK,cinepolis,,0b14c075-63cc-4a3b-b0a7-a3578ae1590b,HORROR,1h 46m,D17+,2D,2026-05-28,a17db83d-4047-4043-84fb-6a67259a16c0,2026-05-27T17:38:32.991867
fab95364-e275-4327-9eff-79d218cd1b97,PASSENGER,cinepolis,,f99ed192-5c3c-4e8c-b507-05e2d244ecfd,HORROR,1h 34m,D17+,2D,2026-05-28,37d9a521-62e3-4f6c-881e-bb06f9fde631,2026-05-27T17:38:32.992655
fab95364-e275-4327-9eff-79d218cd1b97,GUDANG MERICA,cinepolis,,0e87a4c9-10fb-496b-b0a4-4d60d71c222d,COMEDY,1h 38m,D17+,2D,2026-05-28,60f23411-adf6-4a25-beac-119f6a40f23c,2026-05-27T17:38:32.993630
fab95364-e275-4327-9eff-79d218cd1b97,STAR WARS: THE MANDALORIAN AND GROGU,cinepolis,,488b0e44-9328-4660-827f-bf3341602b6d,FANTASY,2h 12m,13+,2D,2026-05-28,31b45e08-988d-421a-ba49-196a8a29495e,2026-05-27T17:38:32.994677
fab95364-e275-4327-9eff-79d218cd1b97,THE SHEEP DETECTIVES,cinepolis,,71865891-a162-4fb5-bcc1-eda6d7edf3e9,COMEDY,1h 49m,SU,2D,2026-05-28,35cfa728-afe9-4aeb-b844-6a1c358b158e,2026-05-27T17:38:32.997282
980a51ea-4f90-40d6-a2f0-89c1de6e0b8d,SEKAWAN LIMO 2: GUNUNG KLAWIH,cinepolis,,7a5e33ac-ba36-4c3f-bd38-0f7f00a79a1d,COMEDY,2h 2m,13+,2D,2026-05-28,111a59d3-eeee-4f77-93ac-37b64852d474,2026-05-27T17:38:39.072977
980a51ea-4f90-40d6-a2f0-89c1de6e0b8d,CHILDREN OF HEAVEN,cinepolis,,0ae5ff7b-e255-45b6-a488-c0feb89dc653,DRAMA,1h 37m,SU,2D,2026-05-28,637be4f0-7eab-4a48-bde5-dfe30e6ec63e,2026-05-27T17:38:39.073815
980a51ea-4f90-40d6-a2f0-89c1de6e0b8d,TUMBAL PROYEK,cinepolis,,0b14c075-63cc-4a3b-b0a7-a3578ae1590b,HORROR,1h 46m,D17+,2D,2026-05-28,72e0a4ce-dcd9-42dd-99db-7d03cd86ce7c,2026-05-27T17:38:39.074579
980a51ea-4f90-40d6-a2f0-89c1de6e0b8d,PASSENGER,cinepolis,,f99ed192-5c3c-4e8c-b507-05e2d244ecfd,HORROR,1h 34m,D17+,2D,2026-05-28,4ff27e60-872d-4520-b38f-7c59ef4d44ed,2026-05-27T17:38:39.075729
980a51ea-4f90-40d6-a2f0-89c1de6e0b8d,SEMUA AKAN BAIK-BAIK SAJA,cinepolis,,cae94e25-4386-417b-8bdf-0dea2d0b0c71,DRAMA,1h 53m,13+,2D,2026-05-28,23e9bc65-acfd-400c-b776-cf62679b3f9c,2026-05-27T17:38:39.076533
980a51ea-4f90-40d6-a2f0-89c1de6e0b8d,STAR WARS: THE MANDALORIAN AND GROGU,cinepolis,,488b0e44-9328-4660-827f-bf3341602b6d,FANTASY,2h 12m,13+,2D,2026-05-28,c5ebc759-fae7-4312-8d62-5e91ae50878b,2026-05-27T17:38:39.077655
980a51ea-4f90-40d6-a2f0-89c1de6e0b8d,GOHAN,cinepolis,,15718ddd-e8db-449b-9313-73b98733d485,DRAMA,2h 20m,SU,2D,2026-05-28,498833f7-d8b0-4a8f-af1f-05f70980ac1e,2026-05-27T17:38:39.078459
980a51ea-4f90-40d6-a2f0-89c1de6e0b8d,GHOST IN THE CELL,cinepolis,,1859bb5f-f638-4a41-854c-a114f6f8a608,HORROR,1h 46m,D17+,2D,2026-05-28,6e2d5cb1-79dd-446b-a54c-9e2f8fbed099,2026-05-27T17:38:39.079911
980a51ea-4f90-40d6-a2f0-89c1de6e0b8d,THE SUPER MARIO GALAXY MOVIE,cinepolis,,4d0f64f0-c009-46e2-bac7-7bb5c43057f8,ANIMATION,1h 38m,SU,2D,2026-05-28,d635ebbe-148f-40b6-946d-5f315ff6cdd1,2026-05-27T17:38:39.080717
980a51ea-4f90-40d6-a2f0-89c1de6e0b8d,THE SHEEP DETECTIVES,cinepolis,,71865891-a162-4fb5-bcc1-eda6d7edf3e9,COMEDY,1h 49m,SU,2D,2026-05-28,3b267ac0-972f-4f82-92ba-a56fb3665ea4,2026-05-27T17:38:39.081473
980a51ea-4f90-40d6-a2f0-89c1de6e0b8d,SALMOKJI: WHISPERING WATER,cinepolis,,a71f8c7d-5bdf-4b91-b207-9acbafa2417a,HORROR,1h 35m,D17+,2D,2026-05-28,8488ffd9-e094-47a9-86ce-5953e3c48025,2026-05-27T17:38:39.663214
d0f53b3d-9ff0-432e-ad30-436100f3ab27,SEKAWAN LIMO 2: GUNUNG KLAWIH,cinepolis,,7a5e33ac-ba36-4c3f-bd38-0f7f00a79a1d,COMEDY,2h 2m,13+,2D,2026-05-28,9ffd5aa4-cc6e-4aee-92c2-ac59957d6c89,2026-05-27T17:38:44.383926
d0f53b3d-9ff0-432e-ad30-436100f3ab27,CHILDREN OF HEAVEN,cinepolis,,0ae5ff7b-e255-45b6-a488-c0feb89dc653,DRAMA,1h 37m,SU,2D,2026-05-28,a3cd8a7a-96ac-4ab0-8764-518f391b0d01,2026-05-27T17:38:44.385839
d0f53b3d-9ff0-432e-ad30-436100f3ab27,BADUT GENDONG,cinepolis,,3c747edf-0b24-47d3-a687-cce565db1452,HORROR,1h 41m,D17+,2D,2026-05-28,fc63a3b6-2420-4a6e-bd76-c9c8d7d78dd6,2026-05-27T17:38:44.387225
d0f53b3d-9ff0-432e-ad30-436100f3ab27,TUMBAL PROYEK,cinepolis,,0b14c075-63cc-4a3b-b0a7-a3578ae1590b,HORROR,1h 46m,D17+,2D,2026-05-28,fbdfcfe2-5f67-48e1-92ca-311852b001cb,2026-05-27T17:38:44.388836
d0f53b3d-9ff0-432e-ad30-436100f3ab27,GUDANG MERICA,cinepolis,,0e87a4c9-10fb-496b-b0a4-4d60d71c222d,COMEDY,1h 38m,D17+,2D,2026-05-28,ee7ac420-671a-4a04-9c90-eaa4440d7a2d,2026-05-27T17:38:44.389874
fcacc908-6800-4162-b4ea-6b7dcd1b65d2,SEKAWAN LIMO 2: GUNUNG KLAWIH,cinepolis,,7a5e33ac-ba36-4c3f-bd38-0f7f00a79a1d,COMEDY,2h 2m,13+,2D,2026-05-28,5b6535e9-3635-486e-abf3-fac2edbfc5b5,2026-05-27T17:38:49.679169
fcacc908-6800-4162-b4ea-6b7dcd1b65d2,CHILDREN OF HEAVEN,cinepolis,,0ae5ff7b-e255-45b6-a488-c0feb89dc653,DRAMA,1h 37m,SU,2D,2026-05-28,7bea5811-f256-4907-98bb-ab673079c868,2026-05-27T17:38:49.680373
fcacc908-6800-4162-b4ea-6b7dcd1b65d2,TUMBAL PROYEK,cinepolis,,0b14c075-63cc-4a3b-b0a7-a3578ae1590b,HORROR,1h 46m,D17+,2D,2026-05-28,0719cc34-e184-4e62-88ba-ccea573559e7,2026-05-27T17:38:49.681106
fcacc908-6800-4162-b4ea-6b7dcd1b65d2,PASSENGER,cinepolis,,f99ed192-5c3c-4e8c-b507-05e2d244ecfd,HORROR,1h 34m,D17+,2D,2026-05-28,619673cc-ded6-45cb-a3d0-3a590b33abee,2026-05-27T17:38:49.681767
fcacc908-6800-4162-b4ea-6b7dcd1b65d2,SEMUA AKAN BAIK-BAIK SAJA,cinepolis,,cae94e25-4386-417b-8bdf-0dea2d0b0c71,DRAMA,1h 53m,13+,2D,2026-05-28,e8c4134a-626c-48c4-be02-3def96ab0168,2026-05-27T17:38:49.682422
fcacc908-6800-4162-b4ea-6b7dcd1b65d2,STAR WARS: THE MANDALORIAN AND GROGU,cinepolis,,488b0e44-9328-4660-827f-bf3341602b6d,FANTASY,2h 12m,13+,2D,2026-05-28,5089daa4-d0f3-4639-a03e-75f3602941f1,2026-05-27T17:38:49.683089
fcacc908-6800-4162-b4ea-6b7dcd1b65d2,SUAMIKU LUKAKU,cinepolis,,f3e0cc94-be0d-4b52-8559-e87edeb75793,DRAMA,1h 32m,D17+,2D,2026-05-28,c1d4862e-ee8e-482d-bcbd-424ccd3d74d8,2026-05-27T17:38:49.683730
fcacc908-6800-4162-b4ea-6b7dcd1b65d2,MORTAL KOMBAT II,cinepolis,,420e1f44-2534-4ed9-9d6f-84cf6406d5a8,ACTION,1h 56m,D17+,2D,2026-05-28,95034478-e102-4ea1-a5f6-8d5ea1c5f34f,2026-05-27T17:38:49.684381
fcacc908-6800-4162-b4ea-6b7dcd1b65d2,"AYAH, INI ARAHNYA KEMANA, YA?",cinepolis,,47fccbc0-f843-4918-ad66-28fcef4aa048,DRAMA,1h 43m,13+,2D,2026-05-28,40b04e2c-7dd7-47a1-bf26-c2aa976b78f0,2026-05-27T17:38:49.685027
fcacc908-6800-4162-b4ea-6b7dcd1b65d2,HOKUM,cinepolis,,6eb5558d-edd2-45f7-a295-6a10c7c57aaf,HORROR,1h 47m,13+,2D,2026-05-28,e2706879-ee6e-4b15-918d-218a44d2897c,2026-05-27T17:38:49.685671
